Country Name,1960,1961,1962,1963,1964,1965,1966,1967,1968,1969,1970,1971,1972,1973,1974,1975,1976,1977,1978,1979,1980,1981,1982,1983,1984,1985,1986,1987,1988,1989,1990,1991,1992,1993,1994,1995,1996,1997,1998,1999,2000,2001,2002,2003,2004,2005,2006,2007,2008,2009,2010,2011,2012,2013,2014,2015,2016,2017,2018,2019
Afghanistan,31.718,32.224,32.724,33.216,33.7,34.18,34.656,35.133,35.615,36.106,36.607,37.12,37.644,38.18,38.729,39.293,39.874,40.473,41.09,41.723,42.372,43.037,43.715,44.403,45.097,45.796,46.499,47.204,47.906,48.601,49.281,49.938,50.57,51.172,51.746,52.287,52.798,53.285,53.753,54.21,54.663,55.119,55.583,56.056,56.542,57.044,57.562,58.092,58.626,59.159,59.683,60.19,60.675,61.133,61.563,61.965,62.343,62.701,63.047,
Albania,61.309,62.272,63.117,63.811,64.346,64.723,64.962,65.116,65.233,65.346,65.496,65.714,66.004,66.356,66.762,67.19,67.596,67.943,68.204,68.376,68.475,68.533,68.59,68.673,68.788,68.92,69.04,69.12,69.145,69.122,69.07,69.017,68.997,69.037,69.15,69.347,69.631,69.982,70.376,70.797,71.216,71.606,71.951,72.246,72.493,72.708,72.919,73.156,73.438,73.769,74.145,74.552,74.966,75.364,75.734,76.066,76.353,76.601,76.816,
Algeria,45.44,45.883,46.325,46.764,47.198,47.62,48.023,48.408,48.781,49.152,49.529,49.921,50.344,50.814,51.351,51.986,52.751,53.649,54.669,55.79,56.983,58.211,59.426,60.584,61.651,62.593,63.388,64.05,64.598,65.045,65.413,65.731,66.028,66.333,66.664,67.033,67.441,67.873,68.32,68.78,69.253,69.744,70.25,70.765,71.281,71.784,72.261,72.702,73.102,73.456,73.766,74.036,74.278,74.502,74.713,74.917,75.115,75.307,75.494,
American Samoa,,,,,,,,,,,,,,,,,,,,,,,,,,,,,,,,,,,,,,,,,,,,,,,,,,,,,,,,,,,,
Andorra,,,,,,,,,,,,,,,,,,,,,,,,,,,,,,,,,,,,,,,,,,,,,,,,,,,,,,,,,,,,
Angola,36.305,36.582,36.874,37.181,37.501,37.833,38.177,38.532,38.894,39.26,39.627,39.994,40.359,40.716,41.063,41.394,41.703,41.99,42.254,42.492,42.708,42.906,43.09,43.259,43.414,43.544,43.64,43.696,43.711,43.692,43.642,43.568,43.487,43.416,43.374,43.378,43.442,43.574,43.781,44.074,44.466,44.966,45.567,46.261,47.038,47.893,48.821,49.807,50.826,51.85,52.848,53.79,54.66,55.447,56.14,56.737,57.242,57.677,58.064,
Antigua and Barbuda,60.782,61.312,61.801,62.248,62.654,63.017,63.335,63.612,63.852,64.065,64.258,64.437,64.612,64.791,64.982,65.193,65.431,65.694,65.98,66.286,66.609,66.943,67.279,67.613,67.939,68.254,68.558,68.854,69.143,69.427,69.707,69.985,70.263,70.539,70.816,71.092,71.367,71.639,71.906,72.167,72.422,72.67,72.911,73.144,73.368,73.58,73.778,73.961,74.13,74.288,74.439,74.589,74.744,74.904,75.071,75.242,75.41,75.571,75.721,
Argentina,62.417,62.46,62.478,62.487,62.503,62.542,62.619,62.739,62.901,63.106,63.349,63.622,63.909,64.198,64.484,64.766,65.045,65.326,65.611,65.897,66.173,66.431,66.664,66.871,67.053,67.219,67.379,67.545,67.726,67.924,68.138,68.361,68.586,68.804,69.014,69.212,69.402,69.586,69.768,69.948,70.128,70.307,70.484,70.661,70.835,71.008,71.179,71.347,71.513,71.676,71.837,71.995,72.151,72.306,72.46,72.614,72.768,72.924,73.082,
Armenia,62.822,63.24,63.664,64.092,64.522,64.953,65.384,65.81,66.22,66.602,66.935,67.198,67.381,67.486,67.52,67.509,67.486,67.479,67.502,67.552,67.606,67.626,67.576,67.436,67.203,66.88,66.476,66.03,65.586,65.18,64.86,64.67,64.627,64.732,64.983,65.37,65.868,66.433,67.015,67.579,68.086,68.501,68.824,69.06,69.214,69.312,69.386,69.475,69.602,69.776,69.989,70.222,70.446,70.639,70.797,70.921,71.022,71.115,71.215,
Aruba,64.084,64.429,64.747,65.053,65.356,65.66,65.959,66.242,66.503,66.745,66.972,67.19,67.405,67.626,67.857,68.11,68.394,68.706,69.041,69.387,69.726,70.036,70.301,70.51,70.66,70.757,70.814,70.851,70.886,70.924,70.969,71.018,71.062,71.098,71.126,71.148,71.168,71.19,71.219,71.259,71.312,71.382,71.469,71.572,71.688,71.816,71.952,72.093,72.235,72.377,72.517,72.654,72.792,72.93,73.069,73.208,73.348,73.488,73.628,
Australia,67.78571429,67.9,67.84,67.78,67.72,67.66,67.6,67.64,67.68,67.72,67.76,67.8,68.16,68.52,68.88,69.24,69.6,69.92,70.24,70.56,70.88,71.2,71.5,71.8,72.1,72.4,72.7,73.02,73.34,73.66,73.98,74.3,74.5,75,75,75,75.2,75.7,75.9,76.2,76.6,77,77.4,77.8,78.1,78.5,78.7,79,79.2,79.3,79.5,79.7,79.9,80.1,80.3,80.4,80.4,80.5,80.7,
Austria,65.41,66.47,66.29,66.39,66.8,66.61,66.88,66.63,66.76,66.56,66.5,66.7,67,67.6,67.5,67.7,68.2,68.5,68.5,68.8,69,69.3,69.4,69.5,70.1,70.4,71,71.5,71.9,71.9,72.3,72.3,72.5,72.8,73.2,73.4,73.7,74.1,74.5,74.9,75.2,75.6,75.8,75.9,76.4,76.6,77.1,77.4,77.7,77.6,77.8,78.3,78.4,78.6,79.1,78.8,79.3,79.4,79.4,
Azerbaijan,57.555,57.752,57.94,58.127,58.316,58.511,58.712,58.914,59.111,59.301,59.479,59.637,59.775,59.893,59.991,60.073,60.143,60.21,60.278,60.354,60.45,60.579,60.738,60.919,61.107,61.26,61.329,61.291,61.149,60.925,60.676,60.478,60.398,60.476,60.725,61.124,61.629,62.172,62.698,63.184,63.625,64.032,64.435,64.855,65.291,65.737,66.183,66.615,67.024,67.408,67.772,68.126,68.482,68.84,69.199,69.543,69.858,70.128,70.345,
"Bahamas, The",62.85,62.969,63.056,63.111,63.14,63.15,63.152,63.155,63.17,63.205,63.266,63.359,63.478,63.619,63.775,63.934,64.082,64.211,64.318,64.407,64.488,64.577,64.69,64.84,65.031,65.264,65.535,65.833,66.143,66.455,66.756,67.037,67.293,67.522,67.723,67.897,68.053,68.2,68.343,68.485,68.623,68.752,68.866,68.964,69.049,69.124,69.197,69.275,69.367,69.478,69.619,69.799,70.014,70.26,70.528,70.802,71.064,71.3,71.499,
Bahrain,48.944,50.419,51.889,53.33,54.721,56.043,57.288,58.458,59.559,60.589,61.547,62.437,63.266,64.043,64.771,65.457,66.102,66.709,67.278,67.81,68.305,68.759,69.172,69.543,69.878,70.182,70.46,70.718,70.963,71.201,71.435,71.667,71.895,72.119,72.34,72.56,72.782,73.006,73.229,73.452,73.669,73.877,74.072,74.253,74.42,74.574,74.719,74.857,74.994,75.131,75.268,75.406,75.542,75.676,75.807,75.936,76.063,76.188,76.312,
Bangladesh,46.077,46.672,47.26,47.825,48.342,48.737,48.921,48.866,48.59,48.15,47.677,47.336,47.256,47.511,48.11,48.992,50.038,51.09,52.023,52.789,53.377,53.82,54.204,54.597,55.022,55.492,56.001,56.533,57.076,57.632,58.215,58.842,59.519,60.242,61,61.769,62.522,63.231,63.879,64.456,64.963,65.408,65.815,66.203,66.578,66.949,67.318,67.679,68.031,68.37,68.694,68.996,69.273,69.526,69.759,69.978,70.192,70.409,70.637,
Barbados,61.593,62.341,62.99,63.551,64.038,64.457,64.814,65.114,65.372,65.605,65.834,66.074,66.336,66.63,66.963,67.344,67.779,68.257,68.761,69.278,69.787,70.268,70.706,71.089,71.414,71.678,71.885,72.052,72.199,72.339,72.489,72.665,72.871,73.111,73.384,73.687,74.013,74.348,74.676,74.988,75.274,75.526,75.745,75.934,76.094,76.23,76.35,76.463,76.576,76.692,76.811,76.931,77.045,77.151,77.252,77.351,77.452,77.562,77.682,
Belarus,65.032,65.519,65.909,66.215,66.447,66.614,66.719,66.768,66.768,66.731,66.669,66.593,66.509,66.42,66.331,66.239,66.132,66.004,65.859,65.707,65.583,65.526,65.557,65.671,65.849,66.7,67.33,66.6,67,66.8,66.3,65.5,64.9,63.8,63.5,62.9,63,62.9,62.7,62.2,63.4,62.8,62.3,62.7,63.2,62.9,63.6,64.5,64.7,64.7,64.6,64.7,66.6,67.3,67.8,68.6,68.9,69.3,69.2,
Belgium,66.78,67.56,67.4,67.11,67.76,67.64,67.76,67.93,67.62,67.56,67.85,67.88,68.21,68.45,68.82,68.82,68.91,69.53,69.42,69.94,69.89,70.29,70.61,70.63,71,71.13,71.4,72,72.2,72.34,72.73,72.88,73,72.96,73.36,73.47,73.88,74.2,74.4,74.4,74.6,74.9,75.1,75.3,76,76.2,76.6,77.1,76.9,77.4,77.5,78,77.8,78.1,78.8,78.7,79,79.2,79.4,
Belize,58.656,59.224,59.808,60.408,61.018,61.631,62.239,62.83,63.396,63.927,64.417,64.859,65.257,65.616,65.944,66.249,66.546,66.844,67.148,67.459,67.781,68.11,68.435,68.74,69.01,69.226,69.371,69.434,69.41,69.298,69.089,68.774,68.373,67.914,67.431,66.972,66.587,66.308,66.153,66.131,66.225,66.401,66.616,66.838,67.061,67.303,67.602,67.985,68.461,69.011,69.594,70.152,70.637,71.014,71.274,71.424,71.495,71.533,71.579,
Benin,36.823,37.233,37.642,38.05,38.458,38.861,39.255,39.637,40.008,40.368,40.726,41.087,41.459,41.844,42.243,42.645,43.034,43.402,43.753,44.097,44.459,44.872,45.359,45.935,46.599,47.356,48.202,49.105,50.024,50.919,51.732,52.402,52.905,53.238,53.41,53.455,53.425,53.389,53.403,53.499,53.701,54.016,54.415,54.866,55.352,55.85,56.334,56.788,57.199,57.559,57.869,58.135,58.379,58.615,58.853,59.1,59.361,59.633,59.914,
Bermuda,,,,,,65.61,,,,,66.89,,,,,,,,,,68.69,,,,,,,,,,,70.01,,,,,,,,,75.3,75.3,75.6,75.7,75.9,76.1,76.4,76.3,76.7,76.806,76.63,77.46,77.99,76.87,77.09,77.3,77.51,77.72,77.92,
Bhutan,34.019,34.356,34.735,35.161,35.634,36.152,36.705,37.278,37.86,38.442,39.015,39.573,40.118,40.658,41.197,41.747,42.324,42.937,43.592,44.289,45.02,45.775,46.539,47.3,48.053,48.798,49.539,50.284,51.038,51.803,52.574,53.347,54.115,54.88,55.643,56.414,57.205,58.022,58.869,59.742,60.635,61.542,62.448,63.335,64.192,65.002,65.754,66.445,67.075,67.645,68.157,68.619,69.042,69.436,69.809,70.164,70.503,70.822,71.123,
Bolivia,40.521,40.863,41.214,41.573,41.942,42.319,42.706,43.101,43.506,43.92,44.343,44.776,45.218,45.67,46.13,46.6,47.078,47.566,48.062,48.566,49.078,49.599,50.127,50.663,51.207,51.758,52.316,52.88,53.45,54.027,54.609,55.2,55.798,56.402,57.009,57.619,58.227,58.831,59.429,60.016,60.588,61.142,61.678,62.197,62.7,63.192,63.68,64.168,64.656,65.142,65.619,66.078,66.509,66.907,67.271,67.6,67.898,68.173,68.434,
Bosnia and Herzegovina,58.68,59.298,59.879,60.429,60.954,61.466,61.975,62.487,63.003,63.524,64.048,64.571,65.082,65.569,66.024,66.431,66.773,67.05,67.266,67.431,67.577,67.748,67.964,68.226,68.515,68.755,68.849,68.741,68.428,67.952,67.432,67.025,66.861,67.014,67.491,68.231,69.121,70.007,70.768,71.352,71.744,71.967,72.1,72.21,72.323,72.459,72.628,72.821,73.03,73.252,73.479,73.699,73.903,74.084,74.24,74.376,74.499,74.622,74.752,
Botswana,46.312,46.793,47.252,47.691,48.112,48.523,48.93,49.342,49.765,50.205,50.668,51.16,51.677,52.212,52.759,53.311,53.864,54.407,54.928,55.417,55.876,56.317,56.735,57.113,57.421,57.598,57.575,57.322,56.835,56.137,55.278,54.331,53.381,52.498,51.72,51.041,50.42,49.815,49.215,48.657,48.213,47.97,47.996,48.334,48.995,49.981,51.269,52.78,54.421,56.119,57.802,59.412,60.916,62.282,63.474,64.458,65.22,65.79,66.204,
Brazil,52.26,52.678,53.097,53.517,53.937,54.358,54.777,55.195,55.609,56.018,56.421,56.817,57.206,57.587,57.959,58.32,58.667,59,59.319,59.626,59.924,60.214,60.501,60.788,61.08,61.38,61.694,62.02,62.359,62.709,63.066,63.426,63.784,64.137,64.483,64.819,65.145,65.466,65.783,66.1,66.421,66.75,67.09,67.44,67.799,68.166,68.536,68.905,69.266,69.616,69.95,70.265,70.56,70.838,71.099,71.345,71.578,71.804,72.024,
British Virgin Islands,,,,,,,,,,,,,,,,,,,,,,,,,,,,,,,,,,,,,,,,,,,,,,,,,,,,,,,,,,,,
Brunei Darussalam,53.772,54.863,55.95,56.992,57.958,58.827,59.595,60.286,60.92,61.506,62.054,62.572,63.071,63.556,64.032,64.502,64.964,65.412,65.84,66.243,66.616,66.953,67.253,67.518,67.752,67.961,68.152,68.334,68.516,68.706,68.909,69.13,69.366,69.616,69.879,70.158,70.451,70.757,71.069,71.383,71.692,71.993,72.279,72.547,72.792,73.009,73.192,73.344,73.469,73.571,73.661,73.746,73.835,73.935,74.048,74.175,74.313,74.454,74.593,
Bulgaria,67.55,68.42,67.77,68.68,69.37,69.45,69.36,68.37,69.23,68.23,69.11,68.62,68.68,69.03,68.93,68.64,68.99,68.26,68.77,68.64,68.46,68.85,68.43,68.44,68.49,68.15,68.56,68.4,68.38,68.42,68.3,68.4,68.07,67.62,67.36,67.39,67.39,67,67.5,67.9,68.2,68.5,68.5,68.7,69.1,69,69.1,69.2,69.5,69.9,70,70.7,70.9,71.3,71.1,71.2,71.3,71.4,71.5,
Burkina Faso,33.454,33.904,34.361,34.826,35.297,35.768,36.231,36.681,37.118,37.547,37.972,38.399,38.842,39.314,39.83,40.422,41.125,41.94,42.851,43.829,44.82,45.761,46.595,47.282,47.799,48.14,48.319,48.383,48.379,48.335,48.27,48.195,48.116,48.046,48.006,48.013,48.083,48.221,48.433,48.727,49.117,49.613,50.208,50.888,51.637,52.436,53.265,54.102,54.924,55.71,56.441,57.105,57.705,58.249,58.739,59.183,59.592,59.981,60.361,
Burundi,39.698,40.004,40.316,40.63,40.941,41.236,41.498,41.72,41.905,42.063,42.218,42.402,42.639,42.94,43.302,43.705,44.118,44.509,44.852,45.14,45.388,45.625,45.875,46.148,46.434,46.695,46.882,46.96,46.912,46.747,46.482,46.149,45.805,45.508,45.301,45.238,45.36,45.668,46.149,46.788,47.555,48.407,49.291,50.163,50.997,51.785,52.536,53.275,54.014,54.749,55.467,56.149,56.783,57.357,57.871,58.325,58.726,59.092,59.435,
Cabo Verde,47.24,47.419,47.681,48.037,48.487,49.01,49.574,50.146,50.707,51.259,51.832,52.474,53.218,54.072,55.017,56.004,56.969,57.85,58.602,59.211,59.68,60.038,60.338,60.625,60.92,61.235,61.576,61.927,62.275,62.617,62.942,63.236,63.495,63.719,63.914,64.097,64.289,64.507,64.76,65.046,65.35,65.648,65.918,66.144,66.326,66.472,66.598,66.728,66.878,67.056,67.268,67.511,67.773,68.045,68.319,68.588,68.846,69.089,69.316,
Cambodia,39.613,39.705,39.835,39.994,40.15,40.306,40.468,40.581,40.547,40.249,39.319,37.325,34.187,30.088,25.398,20.926,17.657,16.286,17.162,20.253,25.118,30.987,36.847,41.889,45.743,48.263,49.589,50.23,50.623,50.916,51.213,51.55,51.882,52.192,52.519,52.908,53.387,53.958,54.616,55.361,56.186,57.078,58.007,58.941,59.858,60.738,61.567,62.342,63.062,63.72,64.313,64.842,65.315,65.742,66.127,66.474,66.785,67.062,67.312,
Cameroon,40.579,41.051,41.522,41.988,42.449,42.905,43.359,43.815,44.276,44.743,45.222,45.716,46.223,46.741,47.264,47.784,48.296,48.791,49.262,49.702,50.114,50.503,50.872,51.216,51.527,51.788,51.979,52.087,52.105,52.031,51.858,51.579,51.214,50.794,50.353,49.94,49.601,49.369,49.266,49.304,49.485,49.795,50.196,50.65,51.134,51.625,52.106,52.573,53.026,53.462,53.889,54.323,54.777,55.258,55.76,56.27,56.768,57.235,57.656,
Canada,68.26,68.39,68.45,68.41,68.63,68.76,68.78,68.92,69.09,69.16,69.32,69.6,69.49,69.67,69.74,69.99,70.3,70.64,70.92,71.32,71.6,72,72.3,72.7,72.9,73.1,73.3,73.5,73.7,73.9,74.3,74.5,74.7,74.8,74.9,75.2,75.4,75.7,76,76.3,76.6,76.9,77.1,77.4,77.6,77.9,78.1,78.3,78.5,78.8,79.1,79.4,79.6,79.7,79.8,79.9,79.9,79.9,79.9,
Cayman Islands,,,,,,,,,,,,,,,,,,,,,,,,,,,,,,,,,,,,,,,,,,,,,,,,,,,79.8,,,,,,,,,
Central African Republic,34.811,35.255,35.709,36.18,36.674,37.202,37.776,38.397,39.064,39.771,40.512,41.282,42.064,42.842,43.599,44.321,44.999,45.628,46.201,46.706,47.134,47.476,47.735,47.912,48.008,48.026,47.974,47.858,47.685,47.458,47.167,46.792,46.332,45.799,45.219,44.628,44.064,43.566,43.164,42.88,42.727,42.704,42.787,42.953,43.193,43.5,43.868,44.291,44.763,45.273,45.82,46.406,47.029,47.678,48.338,48.985,49.594,50.152,50.649,
Chad,35.956,36.304,36.655,37.012,37.377,37.758,38.163,38.595,39.053,39.529,40.015,40.498,40.965,41.404,41.811,42.182,42.516,42.824,43.113,43.387,43.653,43.921,44.192,44.465,44.736,44.995,45.229,45.429,45.588,45.709,45.798,45.869,45.936,46.01,46.094,46.186,46.275,46.353,46.417,46.473,46.534,46.613,46.726,46.885,47.098,47.376,47.725,48.138,48.599,49.095,49.604,50.105,50.579,51.014,51.403,51.743,52.041,52.315,52.577,
Channel Islands,67.811,67.871,67.934,68.006,68.091,68.189,68.293,68.396,68.495,68.589,68.681,68.776,68.88,68.997,69.132,69.289,69.47,69.675,69.898,70.137,70.383,70.631,70.873,71.105,71.328,71.539,71.737,71.931,72.129,72.342,72.586,72.882,73.235,73.644,74.1,74.581,75.063,75.518,75.928,76.284,76.587,76.845,77.079,77.307,77.537,77.776,78.027,78.287,78.552,78.822,79.092,79.36,79.621,79.873,80.113,80.341,80.559,80.769,80.974,
Chile,54.604,54.936,55.294,55.68,56.095,56.543,57.022,57.532,58.069,58.631,59.217,59.827,60.456,61.103,61.76,62.425,63.094,63.765,64.432,65.087,65.723,66.334,66.918,67.47,67.989,68.471,68.915,69.324,69.703,70.056,70.386,70.699,70.997,71.287,71.57,71.852,72.133,72.412,72.688,72.963,73.235,73.503,73.768,74.028,74.283,74.534,74.78,75.025,75.267,75.507,75.745,75.981,76.214,76.443,76.669,76.892,77.113,77.333,77.552,
China,42.433,42.767,43.473,44.596,46.116,47.956,49.992,52.062,54.022,55.794,57.331,58.635,59.77,60.791,61.709,62.532,63.265,63.912,64.481,64.982,65.426,65.823,66.175,66.486,66.761,66.995,67.178,67.306,67.384,67.425,67.446,67.468,67.511,67.592,67.724,67.916,68.173,68.483,68.831,69.207,69.595,69.981,70.351,70.697,71.013,71.297,71.551,71.788,72.017,72.244,72.476,72.72,72.976,73.242,73.517,73.793,74.061,74.315,74.549,
Colombia,55.205,55.754,56.278,56.781,57.27,57.749,58.222,58.688,59.146,59.599,60.047,60.491,60.929,61.36,61.785,62.205,62.625,63.045,63.461,63.868,64.256,64.616,64.938,65.218,65.454,65.64,65.772,65.858,65.917,65.966,66.036,66.16,66.356,66.631,66.986,67.406,67.869,68.341,68.795,69.215,69.594,69.931,70.24,70.533,70.813,71.085,71.354,71.621,71.887,72.154,72.422,72.689,72.95,73.205,73.45,73.686,73.91,74.124,74.33,
Comoros,39.96,40.361,40.768,41.175,41.581,41.985,42.39,42.799,43.214,43.637,44.063,44.488,44.911,45.333,45.76,46.204,46.68,47.197,47.757,48.359,48.996,49.658,50.328,50.992,51.64,52.267,52.874,53.464,54.038,54.591,55.118,55.614,56.073,56.492,56.866,57.184,57.434,57.619,57.748,57.833,57.895,57.956,58.036,58.153,58.319,58.542,58.825,59.154,59.513,59.89,60.27,60.636,60.978,61.289,61.564,61.804,62.015,62.21,62.399,
"Congo, Dem. Rep.",39.64,39.855,40.072,40.298,40.538,40.8,41.092,41.411,41.752,42.107,42.46,42.793,43.092,43.352,43.575,43.771,43.96,44.16,44.386,44.64,44.918,45.208,45.495,45.766,46.02,46.263,46.512,46.776,47.055,47.338,47.592,47.772,47.858,47.85,47.769,47.663,47.595,47.623,47.79,48.114,48.598,49.223,49.939,50.698,51.47,52.229,52.957,53.651,54.307,54.917,55.479,55.997,56.481,56.941,57.378,57.79,58.174,58.528,58.852,
"Congo, Rep.",43.247,43.822,44.368,44.884,45.371,45.833,46.277,46.708,47.13,47.547,47.956,48.356,48.742,49.111,49.463,49.8,50.126,50.446,50.756,51.052,51.33,51.582,51.801,51.979,52.107,52.174,52.171,52.099,51.964,51.778,51.544,51.27,50.974,50.682,50.419,50.217,50.098,50.078,50.17,50.388,50.751,51.274,51.941,52.728,53.607,54.545,55.506,56.456,57.365,58.207,58.969,59.65,60.265,60.829,61.342,61.801,62.202,62.546,62.837,
Costa Rica,58.901,59.466,60.011,60.529,61.018,61.476,61.905,62.315,62.718,63.128,63.564,64.045,64.579,65.167,65.803,66.475,67.168,67.855,68.518,69.139,69.71,70.224,70.689,71.111,71.492,71.834,72.138,72.411,72.658,72.888,73.106,73.319,73.529,73.739,73.95,74.163,74.374,74.579,74.774,74.959,75.13,75.286,75.428,75.559,75.68,75.794,75.905,76.015,76.128,76.245,76.367,76.492,76.62,76.751,76.886,77.029,77.185,77.354,77.539,
Cote d'Ivoire,35.648,36.399,37.134,37.847,38.54,39.22,39.898,40.585,41.289,42.012,42.754,43.513,44.279,45.039,45.783,46.498,47.177,47.812,48.399,48.934,49.418,49.857,50.256,50.618,50.939,51.212,51.428,51.578,51.655,51.656,51.571,51.389,51.118,50.775,50.377,49.946,49.501,49.066,48.67,48.341,48.107,47.987,47.982,48.092,48.317,48.66,49.12,49.677,50.307,50.986,51.689,52.396,53.091,53.756,54.375,54.935,55.428,55.864,56.251,
Croatia,62.095,62.396,62.678,62.943,63.192,63.434,63.674,63.918,64.166,64.416,64.66,64.887,65.088,65.259,65.401,66.68,67.27,67.52,67.09,66.92,66.39,66.72,66.79,66.47,66.36,67.13,67.78,67.88,67.82,68.23,68.59,68.6,66.9,67.22,67.54,67.86,68.18,68.3,68.6,68.92,69.12,71.03,71.21,71.17,72.13,71.83,72.51,72.33,72.4,72.9,73.5,73.8,73.9,74.2,74.6,74.3,74.9,74.9,74.9,
Cuba,62.271,62.894,63.527,64.169,64.814,65.454,66.079,66.682,67.256,67.798,68.307,68.79,69.252,69.699,70.129,70.542,70.933,71.297,71.629,71.926,72.182,72.391,72.554,72.675,72.758,72.806,72.823,72.816,72.8,72.787,72.796,72.843,72.935,73.076,73.263,73.491,73.748,74.018,74.284,74.538,74.776,74.996,75.204,75.403,75.591,75.766,75.923,76.062,76.183,76.285,76.368,76.434,76.485,76.528,76.565,76.604,76.647,76.699,76.763,
Curacao,,,,,,,,,,,,,,,,,,,,,,,,,,,,,,,,,,,,,,,,,,,,,,,71.1,71.9,71.7,72.4,,74.4,74.5,74.9,75,75.1,74.5,74.7,,
Cyprus,67.625,67.957,68.279,68.592,68.895,69.189,69.474,69.752,70.022,70.286,70.542,70.792,71.036,71.273,71.504,71.728,71.947,72.16,72.368,72.571,72.769,72.963,73.151,73.335,73.515,73.691,73.863,74.031,74.195,74.355,74.513,74.667,74.818,74.967,75.112,75.255,75.396,75.534,75.67,75.803,75.933,76.059,76.18,76.299,76.416,76.535,76.659,76.79,76.93,77.081,77.243,77.415,77.596,77.782,77.973,78.165,78.356,78.547,78.735,
Czech Republic,67.5,67.62,66.86,67.28,67.44,67.09,67.18,67.03,66.47,65.85,66.05,66.16,66.84,66.53,66.75,67,67.04,67.11,67.2,67.33,66.8,67.21,67.32,67.05,67.34,67.5,67.49,67.87,68.1,68.1,67.54,68.23,68.54,69.28,69.48,69.67,70.3,70.42,71.1,71.4,71.7,72.1,72.1,72,72.6,72.9,73.5,73.7,74,74.2,74.4,74.8,75.1,75.2,75.8,75.7,76.1,76.1,76.1,
Denmark,70.44,70.57,70.31,70.42,70.29,70.2,70.21,70.61,70.78,70.86,70.88,70.8,70.8,70.97,70.94,71.28,70.93,71.73,71.51,71.19,71.17,71.25,71.6,71.44,71.65,71.53,71.77,71.74,72.04,71.99,72.02,72.47,72.56,72.59,72.78,72.72,73.05,73.55,73.7,74,74.3,74.5,74.7,74.9,75.2,75.6,75.9,76,76.3,76.5,77.1,77.8,78.1,78.3,78.7,78.8,79,79.2,79.4,
Djibouti,42.732,43.165,43.592,44.013,44.434,44.873,45.354,45.888,46.477,47.11,47.76,48.392,48.975,49.489,49.93,50.308,50.649,50.983,51.335,51.712,52.111,52.523,52.929,53.311,53.664,53.982,54.266,54.523,54.753,54.958,55.13,55.262,55.353,55.407,55.43,55.43,55.415,55.399,55.397,55.42,55.484,55.598,55.763,55.98,56.249,56.565,56.915,57.293,57.694,58.125,58.612,59.191,59.876,60.659,61.516,62.399,63.245,64,64.629,
Dominica,,,,,,,,,,,,,,,,,,,,,,,70,,,,,70.5,,,,,72,,,,,74,,,,,74.5,,,,,,,,,,,,,,,,,
Dominican Republic,50.283,50.979,51.664,52.336,52.995,53.64,54.269,54.882,55.479,56.057,56.618,57.159,57.682,58.186,58.671,59.135,59.575,59.992,60.387,60.762,61.118,61.458,61.785,62.103,62.415,62.723,63.03,63.336,63.641,63.942,64.239,64.528,64.806,65.072,65.325,65.565,65.793,66.011,66.225,66.436,66.65,66.873,67.105,67.348,67.6,67.859,68.118,68.374,68.621,68.858,69.087,69.309,69.529,69.75,69.97,70.189,70.403,70.609,70.805,
Ecuador,51.692,52.253,52.803,53.339,53.86,54.366,54.858,55.336,55.806,56.27,56.729,57.183,57.635,58.087,58.544,59.014,59.503,60.015,60.548,61.1,61.664,62.235,62.801,63.354,63.887,64.397,64.881,65.343,65.785,66.209,66.613,67.001,67.372,67.73,68.076,68.413,68.741,69.063,69.376,69.681,69.976,70.257,70.522,70.771,71.004,71.225,71.436,71.642,71.847,72.055,72.266,72.483,72.703,72.926,73.152,73.378,73.606,73.833,74.058,
"Egypt, Arab Rep.",46.822,47.325,47.787,48.22,48.631,49.016,49.36,49.658,49.916,50.153,50.402,50.705,51.088,51.567,52.141,52.794,53.495,54.205,54.894,55.552,56.184,56.811,57.456,58.13,58.827,59.524,60.19,60.801,61.342,61.813,62.233,62.63,63.036,63.469,63.931,64.408,64.876,65.307,65.68,65.991,66.241,66.444,66.619,66.787,66.957,67.138,67.332,67.537,67.747,67.962,68.178,68.391,68.596,68.791,68.974,69.144,69.302,69.453,69.599,
El Salvador,47.716,48.394,49.016,49.577,50.075,50.515,50.911,51.272,51.605,51.908,52.163,52.35,52.454,52.474,52.417,52.287,52.091,51.859,51.631,51.451,51.378,51.468,51.748,52.226,52.9,53.758,54.777,55.896,57.051,58.193,59.267,60.232,61.076,61.796,62.385,62.854,63.225,63.535,63.818,64.089,64.357,64.619,64.865,65.088,65.294,65.487,65.676,65.865,66.06,66.264,66.476,66.696,66.917,67.137,67.354,67.571,67.787,68.006,68.229,
Equatorial Guinea,35.16,35.492,35.822,36.15,36.476,36.801,37.126,37.452,37.78,38.11,38.434,38.744,39.038,39.322,39.611,39.931,40.319,40.791,41.352,41.988,42.671,43.355,43.999,44.573,45.065,45.482,45.842,46.181,46.529,46.902,47.31,47.757,48.235,48.73,49.237,49.747,50.251,50.74,51.205,51.638,52.03,52.373,52.671,52.932,53.162,53.372,53.575,53.784,54.009,54.259,54.54,54.855,55.198,55.56,55.935,56.315,56.692,57.059,57.41,
Eritrea,36.973,37.609,38.213,38.769,39.273,39.722,40.124,40.495,40.851,41.2,41.551,41.908,42.271,42.637,43.007,43.376,43.738,44.087,44.419,44.734,45.033,45.319,45.598,45.876,46.157,46.442,46.727,47.013,47.306,47.615,47.959,48.358,48.823,49.354,49.943,50.568,51.197,51.803,52.373,52.908,53.427,53.966,54.557,55.216,55.939,56.709,57.493,58.255,58.965,59.611,60.191,60.712,61.198,61.666,62.121,62.565,62.994,63.404,63.79,
Estonia,63.979,64.433,64.802,65.096,65.327,65.503,65.629,65.707,65.74,65.732,65.681,65.579,65.426,65.228,64.999,64.754,64.511,64.285,64.097,63.962,63.911,64.1,64.2,64.4,64.4,64.6,65.5,66.4,66.6,65.6,64.5,64.3,63.4,62.3,60.5,61.3,64.1,64.2,63.7,64.6,65.1,64.6,65.1,66,66.3,67.3,67.35,67.4,68.6,69.8,70.6,71.4,71.4,72.8,72.4,73.2,73.3,73.8,74.3,
Eswatini,41.496,41.893,42.285,42.677,43.079,43.501,43.954,44.447,44.982,45.563,46.188,46.853,47.549,48.266,48.999,49.748,50.514,51.297,52.096,52.904,53.726,54.571,55.431,56.287,57.111,57.885,58.596,59.213,59.691,59.975,59.978,59.609,58.844,57.696,56.202,54.414,52.401,50.283,48.19,46.228,44.5,43.078,41.972,41.189,40.749,40.663,40.923,41.473,42.255,43.227,44.369,45.679,47.133,48.683,50.263,51.781,53.152,54.329,55.284,
Ethiopia,36.974,37.614,38.225,38.79,39.3,39.754,40.155,40.517,40.851,41.161,41.451,41.723,41.976,42.205,42.405,42.555,42.629,42.621,42.542,42.417,42.296,42.237,42.283,42.462,42.777,43.207,43.712,44.235,44.734,45.195,45.616,46.013,46.415,46.848,47.317,47.82,48.343,48.878,49.423,49.984,50.588,51.263,52.027,52.885,53.83,54.846,55.912,56.991,58.046,59.05,59.976,60.804,61.534,62.176,62.73,63.207,63.622,63.997,64.35,
Faroe Islands,,,,,,,,,,,,,,72.4,,,,,73.4,,,,,,,,71.8,72.1,72.3,72.5,72.7,73,73.2,73.4,73.7,74.1,74.4,74.8,75.1,75.5,75.8,76.1,76.3,76.6,76.8,77.1,77.3,77.5,77.7,77.9,78.1,78.4,78.7,79,79.3,79.6,79.9,80.2,80.5,
Fiji,59.641,59.897,60.102,60.269,60.405,60.508,60.57,60.585,60.557,60.5,60.436,60.392,60.385,60.431,60.536,60.697,60.907,61.144,61.389,61.633,61.871,62.102,62.328,62.55,62.76,62.952,63.115,63.248,63.347,63.414,63.449,63.454,63.437,63.413,63.39,63.389,63.427,63.51,63.639,63.81,64.007,64.212,64.403,64.565,64.693,64.788,64.862,64.93,65.004,65.088,65.178,65.269,65.351,65.419,65.473,65.517,65.555,65.594,65.641,
Finland,65.41,65.61,65.09,65.52,65.66,65.29,65.96,65.93,65.87,65.64,66.16,65.92,66.6,66.97,66.93,67.42,67.53,67.96,68.58,68.97,69.24,69.61,70.22,70.24,70.48,70.14,70.56,70.67,70.66,70.88,70.94,71.33,71.67,72.11,72.82,72.79,73.03,73.42,73.52,73.74,74.1,74.6,74.9,75.1,75.3,75.5,75.8,75.8,76.3,76.5,76.7,77.3,77.7,78,78.4,78.7,78.6,78.9,79.2,
France,66.6,66.8,66.9,67.1,67.2,67.3,67.4,67.6,67.7,67.8,68,68.2,68.4,68.6,68.8,69,69.2,69.4,69.7,69.9,70.1,70.3,70.5,70.8,71,71.3,71.6,71.8,72.1,72.3,72.6,72.8,73.1,73.3,73.6,73.8,74.1,74.5,74.8,75,75.3,75.5,75.7,75.7,76.7,76.7,77.3,77.6,77.8,78,78.2,78.7,78.7,79,79.5,79.2,79.5,79.6,79.6,
French Polynesia,54.899,55.29,55.637,55.969,56.305,56.659,57.031,57.409,57.782,58.151,58.51,58.855,59.186,59.507,59.827,60.165,60.544,60.975,61.459,61.991,62.548,63.102,63.625,64.098,64.516,64.887,65.23,65.568,65.921,66.291,66.673,67.052,67.414,67.747,68.052,68.333,68.598,68.861,69.136,69.429,69.75,70.108,70.498,70.913,71.343,71.774,72.186,72.565,72.903,73.199,73.458,73.694,73.925,74.162,74.41,74.667,74.924,75.171,75.401,
Gabon,38.235,38.621,39.098,39.683,40.38,41.177,42.049,42.957,43.867,44.761,45.629,46.469,47.293,48.112,48.925,49.735,50.543,51.35,52.155,52.956,53.757,54.567,55.381,56.185,56.96,57.675,58.298,58.806,59.187,59.435,59.556,59.566,59.494,59.365,59.195,58.977,58.694,58.341,57.931,57.498,57.088,56.751,56.531,56.457,56.548,56.817,57.26,57.841,58.513,59.244,59.995,60.734,61.44,62.09,62.665,63.153,63.552,63.879,64.152,
"Gambia, The",30.851,31.131,31.465,31.866,32.343,32.901,33.542,34.254,35.021,35.831,36.673,37.534,38.404,39.275,40.136,40.985,41.824,42.656,43.484,44.303,45.109,45.899,46.668,47.407,48.109,48.757,49.338,49.848,50.291,50.675,51.015,51.332,51.645,51.973,52.326,52.709,53.122,53.553,53.99,54.427,54.859,55.281,55.69,56.084,56.461,56.82,57.161,57.487,57.801,58.104,58.392,58.663,58.915,59.151,59.377,59.602,59.836,60.088,60.362,
Georgia,59.686,60.086,60.488,60.892,61.294,61.688,62.069,62.432,62.775,63.098,63.408,63.714,64.024,64.336,64.646,64.937,65.187,65.382,65.518,65.599,65.646,65.685,65.741,65.83,65.951,66.095,66.238,66.354,66.422,66.437,66.393,66.29,66.146,65.983,65.821,65.69,65.624,65.635,65.724,65.88,66.072,66.251,66.38,66.437,66.426,66.373,66.323,66.325,66.413,66.593,66.861,67.193,67.552,67.903,68.228,68.517,68.764,68.98,69.174,
Germany,66.751,66.908,67.053,67.184,67.302,67.405,67.488,67.554,67.609,67.658,67.711,67.778,67.867,67.984,68.132,68.311,68.52,68.751,68.995,69.25,69.514,69.786,70.067,70.353,70.64,70.92,71.183,71.427,71.652,71.859,72.058,72.1,72.6,72.7,73.1,73.3,73.6,74,74.5,74.8,75,75.5,75.4,75.6,75.9,76.2,76.4,76.9,77.2,77.3,77.5,77.9,78.1,78.1,78.7,78.3,78.6,78.7,78.7,
Ghana,45.53,45.935,46.324,46.696,47.048,47.373,47.66,47.905,48.113,48.291,48.454,48.62,48.804,49.019,49.27,49.552,49.854,50.163,50.469,50.773,51.083,51.411,51.768,52.161,52.59,53.058,53.57,54.11,54.659,55.194,55.677,56.068,56.348,56.512,56.568,56.531,56.432,56.314,56.221,56.182,56.228,56.38,56.63,56.966,57.375,57.838,58.328,58.817,59.282,59.711,60.101,60.458,60.799,61.137,61.474,61.806,62.13,62.437,62.724,
Gibraltar,,,,,,,,,,,,,,,,,,,,,,,,,,,,,,,,,,,,,,,,,,,,,,,,,,,,,,,,,,,,
Greece,65.9,66.274,66.603,66.874,67.087,67.258,67.416,67.591,67.805,68.061,68.349,68.649,68.935,69.189,69.41,69.602,69.782,69.968,70.174,70.404,70.653,70.909,71.159,71.4,71.634,71.879,72.158,72.484,72.861,74.2,74.5,74.6,74.7,75,75.2,75,75.1,75.6,75.4,75.5,75.4,75.9,76.3,76.5,76.6,76.8,77,77,77.5,77.7,77.9,78,78,78.7,78.8,78.5,78.9,78.8,78.8,
Greenland,,,,,,,,,,,,,,,,,,,60,60.35,59.84,59.47,60.1,60.5,60.53,60.58,61,61.02,60.68,60.77,61.4,61.7,62.04,62.8,63.34,63.41,63.26,63.12,63.44,63.94,64.3,65.12,65.47,65.85,66.08,66.65,67.09,67.89,67.75,68.18,68.54,68.56,69.06,69.65,69.375,69.1,68.8,,,
Grenada,60.206,60.579,60.939,61.287,61.622,61.945,62.255,62.551,62.834,63.105,63.365,63.619,63.868,64.11,64.346,64.568,64.773,64.954,65.111,65.245,65.356,65.445,65.52,65.591,65.67,65.774,65.92,66.116,66.363,66.659,66.997,67.363,67.739,68.108,68.457,68.781,69.076,69.347,69.598,69.824,70.025,70.197,70.342,70.459,70.547,70.605,70.631,70.626,70.594,70.541,70.473,70.396,70.317,70.242,70.176,70.125,70.09,70.07,70.064,
Guam,59.12,59.617,60.107,60.587,61.056,61.514,61.96,62.395,62.82,63.235,63.64,64.035,64.42,64.795,65.16,65.515,65.859,66.192,66.515,66.828,67.132,67.428,67.717,68,68.277,68.548,68.81,69.063,69.308,69.548,69.788,70.032,70.283,70.546,70.822,71.114,71.426,71.754,72.094,72.438,72.781,73.112,73.426,73.716,73.981,74.218,74.427,74.614,74.787,74.95,75.109,75.269,75.433,75.604,75.784,75.976,76.178,76.39,76.607,
Guatemala,46.08,46.552,47.037,47.536,48.05,48.583,49.135,49.702,50.277,50.852,51.414,51.951,52.454,52.919,53.346,53.735,54.095,54.435,54.77,55.107,55.452,55.812,56.186,56.573,56.973,57.385,57.802,58.222,58.642,59.064,59.495,59.945,60.419,60.919,61.444,61.987,62.541,63.096,63.64,64.162,64.652,65.1,65.506,65.875,66.211,66.527,66.836,67.153,67.487,67.842,68.219,68.615,69.018,69.416,69.804,70.172,70.515,70.83,71.119,
Guinea,33.762,33.966,34.156,34.332,34.498,34.656,34.806,34.956,35.115,35.293,35.503,35.758,36.062,36.419,36.832,37.294,37.795,38.325,38.881,39.463,40.09,40.784,41.558,42.411,43.331,44.304,45.309,46.313,47.282,48.186,48.993,49.681,50.248,50.697,51.031,51.245,51.339,51.339,51.281,51.206,51.166,51.217,51.386,51.689,52.13,52.694,53.346,54.038,54.725,55.386,56.016,56.622,57.222,57.824,58.423,59.003,59.546,60.04,60.477,
Guinea-Bissau,35.694,35.947,36.216,36.501,36.801,37.114,37.435,37.76,38.085,38.406,38.722,39.033,39.341,39.648,39.952,40.254,40.553,40.849,41.141,41.428,41.706,41.974,42.229,42.475,42.712,42.944,43.177,43.414,43.661,43.918,44.184,44.456,44.731,45.008,45.292,45.593,45.922,46.286,46.687,47.123,47.584,48.055,48.524,48.98,49.422,49.855,50.291,50.743,51.218,51.716,52.232,52.76,53.288,53.803,54.299,54.765,55.198,55.597,55.965,
Guyana,57.748,57.946,58.147,58.347,58.544,58.734,58.908,59.063,59.195,59.303,59.387,59.449,59.495,59.529,59.556,59.58,59.602,59.624,59.646,59.669,59.688,59.701,59.704,59.699,59.691,59.687,59.697,59.73,59.791,59.884,60.008,60.163,60.34,60.533,60.741,60.961,61.196,61.447,61.711,61.986,62.266,62.545,62.82,63.088,63.346,63.595,63.838,64.079,64.321,64.566,64.817,65.078,65.347,65.621,65.893,66.155,66.394,66.605,66.783,
Haiti,40.315,40.681,41.045,41.422,41.822,42.252,42.711,43.193,43.689,44.197,44.715,45.244,45.781,46.319,46.853,47.372,47.866,48.329,48.758,49.152,49.514,49.849,50.165,50.472,50.774,51.074,51.372,51.669,51.961,52.251,52.54,52.829,53.117,53.406,53.692,53.973,54.242,54.497,54.74,54.976,55.215,55.469,55.748,56.055,56.391,56.748,57.115,57.477,57.828,58.165,58.495,58.831,59.182,59.555,59.947,60.35,60.752,61.139,61.5,
Honduras,44.621,45.279,45.931,46.569,47.187,47.782,48.354,48.913,49.47,50.03,50.601,51.191,51.804,52.441,53.105,53.795,54.511,55.245,55.993,56.75,57.517,58.3,59.095,59.897,60.693,61.464,62.189,62.856,63.457,63.992,64.469,64.902,65.312,65.714,66.115,66.517,66.919,67.309,67.68,68.031,68.361,68.667,68.954,69.224,69.48,69.728,69.971,70.212,70.454,70.698,70.945,71.193,71.44,71.683,71.919,72.148,72.366,72.573,72.771,
"Hong Kong SAR, China",63.409,63.999,64.565,65.1,65.599,66.058,66.475,66.857,67.212,67.547,67.867,67.8,67.7,68.5,69.1,70.1,69.6,70.1,70.6,70.6,71.6,72.3,72.6,72.3,73.2,73.8,74.1,74.2,74.4,74.2,74.6,75.2,74.8,75.3,75.7,76,76.7,77.2,77.4,77.7,78,78.4,78.5,78.5,79,78.8,79.4,79.4,79.4,79.8,80.1,80.3,80.7,81.1,81.2,81.4,81.3,81.9,82.3,
Hungary,65.93,66.78,65.7,66.64,67.02,66.72,67.52,66.89,66.64,66.7,66.35,66.15,66.85,66.64,66.37,66.29,66.7,66.77,66.15,66.23,65.53,65.51,65.67,65.12,65.06,65.06,65.31,65.7,66.16,65.33,65.14,65.06,64.6,64.55,64.86,65.26,66.08,66.4,66.15,66.36,67.1,68.2,68.3,68.3,68.6,68.6,69,69.2,69.8,70.1,70.5,71.2,71.6,72.2,72.3,72.3,72.6,72.5,72.5,
Iceland,71.15,70.84,71.4,70.16,70.81,71.42,70.32,71.11,71.64,71.23,70.69,70.79,72.09,71.49,71.18,72.33,73.86,73.32,73.82,73.7,73.51,73.38,74.55,73.27,74.84,74.9,75.42,74.9,74.4,76.18,75.49,74.87,76.77,77.12,77.13,75.96,76.49,76.3,77.7,77.4,77.8,78.3,78.6,79.5,78.9,79.6,79.5,79.6,80,79.8,79.8,80.7,81.6,80.5,81.3,81.2,80.4,81.1,81.1,
India,42.266,42.872,43.477,44.081,44.685,45.29,45.898,46.509,47.123,47.737,48.35,48.958,49.558,50.146,50.719,51.275,51.812,52.33,52.828,53.305,53.758,54.182,54.577,54.949,55.302,55.647,55.994,56.352,56.727,57.122,57.536,57.967,58.405,58.843,59.277,59.703,60.121,60.531,60.936,61.335,61.729,62.121,62.511,62.902,63.293,63.689,64.091,64.499,64.91,65.32,65.723,66.115,66.488,66.84,67.167,67.468,67.745,68,68.239,
Indonesia,44.475,45.098,45.713,46.322,46.927,47.533,48.146,48.767,49.395,50.03,50.667,51.301,51.925,52.534,53.127,53.704,54.267,54.822,55.369,55.91,56.44,56.957,57.458,57.941,58.405,58.853,59.286,59.708,60.123,60.533,60.941,61.352,61.765,62.176,62.58,62.965,63.317,63.63,63.901,64.137,64.349,64.554,64.771,65.011,65.28,65.579,65.899,66.228,66.554,66.872,67.182,67.485,67.784,68.081,68.371,68.651,68.914,69.156,69.375,
"Iran, Islamic Rep.",45.706,46.167,46.618,47.061,47.502,47.954,48.431,48.941,49.494,50.092,50.783,51.625,52.603,53.651,54.669,55.412,55.588,55.073,53.88,52.143,50.178,48.402,47.201,46.845,47.424,48.922,51.187,53.866,56.626,59.281,61.654,63.627,65.223,66.473,67.378,67.975,68.338,68.575,68.78,69.001,69.257,69.536,69.798,70.023,70.226,70.438,70.698,71.03,71.443,71.934,72.476,73.035,73.566,74.038,74.435,74.755,75.007,75.217,75.409,
Iraq,48.478,49.757,50.993,52.186,53.33,54.408,55.403,56.301,57.094,57.786,58.417,59.041,59.678,60.308,60.882,61.237,61.171,60.597,59.53,58.079,56.497,55.111,54.202,53.949,54.396,55.474,57.001,58.681,60.266,61.639,62.735,63.562,64.217,64.782,65.267,65.683,66.035,66.321,66.539,66.69,66.753,66.704,66.538,66.274,65.949,65.625,65.378,65.26,65.302,65.508,65.857,66.302,66.771,67.207,67.581,67.878,68.101,68.277,68.429,
Ireland,67.977,68.109,68.217,68.31,68.393,68.469,68.536,68.591,68.636,68.673,68.709,68.75,68.802,68.868,68.953,69.061,69.194,69.349,69.523,69.712,69.913,70.12,70.331,70.541,70.75,70.957,71.168,71.384,71.606,71.832,72.053,72.256,72.439,72.601,72.749,72.9,73.1,73.4,73.4,73.4,74,74.5,75,75.7,76.1,76.7,76.9,77.3,77.9,77.8,78.5,78.6,78.7,78.9,79.3,79.6,79.9,80.4,80.9,
Isle of Man,,,,,,,,,,,,,,,,,,,,,,,,,,,,,,,,,,,73.7,,,,,,,,74.6,,,,,,,,,,,,,,,,,
Israel,,70.47,70.6,,,,70.91,69.9,69.32,69.19,69.55,70.08,70.2,70.23,70.13,70.25,71.2,71.3,71.5,71.8,72.1,72.7,72.5,72.8,73.1,73.5,73.2,73.6,73.9,74.6,74.9,75.1,74.7,75.3,75.5,75.5,76.3,76,76.1,77,77.1,77.7,77.5,77.6,78,78.2,78.7,78.7,79,79.6,79.7,79.9,79.9,80.3,80.3,80.1,80.7,80.6,80.9,
Italy,66.68,67.17,66.54,66.57,67.58,67.44,68.17,68.22,67.98,67.89,68.71,68.88,69.09,69.08,69.71,69.54,69.87,70.15,70.42,70.71,70.67,71.11,71.6,71.45,72.17,72.3,72.6,73,73.2,73.6,73.8,73.8,74.2,74.6,74.8,75,75.4,75.8,76,76.4,76.9,77.2,77.4,77.3,78,78.1,78.6,78.8,78.9,79.1,79.5,79.7,79.8,80.3,80.7,80.3,81,80.8,80.8,
Jamaica,63.181,63.585,63.952,64.296,64.625,64.942,65.245,65.53,65.799,66.058,66.321,66.603,66.912,67.25,67.615,67.997,68.382,68.753,69.099,69.413,69.696,69.95,70.188,70.419,70.65,70.893,71.159,71.448,71.755,72.067,72.365,72.621,72.817,72.942,72.998,72.996,72.955,72.903,72.861,72.837,72.835,72.848,72.864,72.871,72.866,72.846,72.809,72.759,72.7,72.639,72.582,72.539,72.514,72.51,72.531,72.574,72.635,72.708,72.787,
Japan,65.31,65.91,66.19,67.18,67.63,67.68,68.45,68.74,69.06,69.19,69.36,70.4,71.17,71.66,72.55,73.35,73.73,74.03,73.97,74.04,73.56,73.79,74.24,74.22,74.58,74.87,75.25,75.63,75.57,75.94,75.91,76.13,76.11,76.24,76.57,76.39,77.01,77.19,77.16,77.4,77.72,78.1,78.1,78.36,78.64,78.53,79,79.19,79.29,79.59,79.55,79.44,79.94,80.21,80.5,80.75,80.98,81.09,81.25,
Jordan,52.456,53.152,53.844,54.533,55.219,55.899,56.574,57.243,57.904,58.555,59.199,59.835,60.464,61.084,61.693,62.285,62.854,63.397,63.913,64.4,64.863,65.306,65.735,66.154,66.561,66.954,67.329,67.678,67.999,68.292,68.555,68.79,69.003,69.199,69.381,69.555,69.723,69.886,70.048,70.209,70.37,70.531,70.692,70.849,71.004,71.156,71.307,71.456,71.604,71.749,71.888,72.018,72.137,72.247,72.346,72.441,72.533,72.628,72.73,
Kazakhstan,53.231,53.645,54.062,54.481,54.898,55.31,55.712,56.099,56.468,56.815,57.135,57.423,57.683,57.918,58.137,58.347,58.56,58.784,59.028,59.296,61.6,61.95,62.3,63.15,64,64,64.45,64.9,64.8,63.9,63.8,63.3,63,61.8,60.6,59.7,58.5,59,59,60.3,60.2,60.5,60.7,60.5,60.4,60.3,60.6,60.7,61.9,63.6,63.51,64.16,64.84,65.75,67.12,67.5,68.1,68.72,68.84,
Kenya,44.995,45.598,46.193,46.773,47.338,47.889,48.433,48.977,49.528,50.085,50.649,51.218,51.785,52.346,52.898,53.447,54.003,54.566,55.125,55.665,56.162,56.593,56.935,57.167,57.274,57.239,57.054,56.731,56.288,55.741,55.095,54.352,53.532,52.672,51.815,50.995,50.242,49.586,49.069,48.734,48.657,48.905,49.483,50.364,51.502,52.819,54.217,55.592,56.864,57.982,58.933,59.74,60.466,61.158,61.822,62.452,63.031,63.539,63.965,
Kiribati,45.505,46.011,46.535,47.077,47.632,48.195,48.761,49.318,49.86,50.378,50.866,51.32,51.742,52.133,52.493,52.822,53.119,53.389,53.638,53.873,54.102,54.33,54.562,54.806,55.067,55.354,55.674,56.025,56.401,56.797,57.201,57.601,57.985,58.345,58.677,58.982,59.269,59.546,59.821,60.091,60.35,60.588,60.797,60.974,61.122,61.249,61.364,61.482,61.613,61.765,61.945,62.155,62.39,62.645,62.914,63.191,63.468,63.74,64.001,
"Korea, Dem. People’s Rep.",48.424,48.708,48.998,49.427,50.07,50.945,52.01,53.142,54.243,55.277,56.228,57.095,57.902,58.665,59.386,60.059,60.682,61.251,61.768,62.237,62.662,63.053,63.414,63.754,64.074,64.397,64.752,65.131,65.505,65.833,65.997,65.858,65.36,64.521,63.417,62.229,61.192,60.5,60.272,60.526,61.182,62.078,62.993,63.757,64.31,64.653,64.849,65.018,65.251,65.567,65.96,66.402,66.838,67.229,67.563,67.838,68.06,68.253,68.435,
"Korea, Rep.",51.517,52.154,52.685,53.175,53.678,54.24,54.882,55.58,56.309,57.056,58.7,59.1,59.4,59.7,60,60.3,60.6,60.9,61.1,61.4,61.9,62.4,62.9,63.4,64,64.6,65.3,65.9,66.5,67,67.5,67.9,68.4,68.9,69.3,69.7,70.2,70.7,71.2,71.8,72.3,72.9,73.4,73.8,74.3,74.9,75.4,75.9,76.2,76.7,76.8,77.3,77.6,78.1,78.6,79,79.3,79.7,79.7,
Kosovo,,,,,,,,,,,,,,,,,,,,,,63.8,64.1,64.3,64.5,64.7,64.9,65.1,65.3,65.5,65.7,65.9,66.1,66.2,66.4,66.6,66.7,66.9,67,65,66,65.9,65.7,66,66.3,66.5,66.8,67.1,67.3,67.6,67.9,68.1,68.4,68.7,69,69.2,69.5,69.8,70,
Kuwait,58.26,59.016,59.758,60.478,61.172,61.83,62.448,63.024,63.56,64.058,64.523,64.96,65.377,65.784,66.184,66.585,66.991,67.4,67.809,68.215,68.614,69,69.366,69.708,70.022,70.308,70.566,70.8,71.013,71.208,71.384,71.542,71.683,71.806,71.916,72.014,72.099,72.176,72.246,72.314,72.382,72.453,72.528,72.61,72.702,72.81,72.939,73.089,73.258,73.441,73.63,73.816,73.99,74.146,74.281,74.396,74.495,74.584,74.672,
Kyrgyz Republic,52.011,52.449,52.889,53.331,53.772,54.206,54.63,55.039,55.43,55.799,56.141,56.451,56.732,56.989,57.229,57.459,57.687,57.923,58.177,58.456,58.775,59.149,59.574,60.038,60.522,60.997,61.425,61.779,62.042,64.2,64.2,64.6,64.2,62.9,61.6,61.4,62.3,62.6,63.1,64.9,64.9,65,64.4,64.5,64.3,64.2,63.5,63.7,64.5,65.2,65.3,65.7,66.1,66.3,66.5,66.7,67,67.2,67.4,
Lao PDR,41.543,41.869,42.195,42.521,42.847,43.174,43.502,43.832,44.163,44.495,44.825,45.152,45.473,45.789,46.099,46.399,46.687,46.964,47.238,47.514,47.809,48.14,48.517,48.94,49.403,49.887,50.365,50.815,51.226,51.599,51.948,52.299,52.679,53.107,53.589,54.121,54.691,55.276,55.861,56.437,57.001,57.557,58.111,58.668,59.226,59.785,60.341,60.893,61.435,61.963,62.477,62.973,63.452,63.912,64.351,64.765,65.15,65.508,65.838,
Latvia,66.26,66.33,65.85,66.19,67.35,66.79,67,66.75,65.76,65.27,65.65,65.75,65.23,65.35,64.98,63.94,63.96,64.29,64.1,63.52,63.75,63.44,64.26,63.88,64.08,64.75,66.32,66.41,66.23,65.37,64.2,63.73,62.64,60.43,59.04,60.04,63.04,63.92,63.5,64.46,64.9,65.2,65.4,65.9,67.1,65.6,65.5,65.8,67.2,68.3,68.8,68.6,68.9,69.3,69.1,69.7,69.8,69.8,69.8,
Lebanon,61.565,61.865,62.157,62.441,62.719,62.995,63.27,63.544,63.816,64.085,64.347,64.598,64.834,65.054,65.258,65.446,65.617,65.777,65.931,66.085,66.243,66.411,66.591,66.786,67.001,67.237,67.494,67.771,68.065,68.377,68.707,69.058,69.428,69.815,70.219,70.636,71.064,71.499,71.938,72.378,72.821,73.272,73.73,74.191,74.645,75.081,75.484,75.844,76.152,76.405,76.6,76.739,76.833,76.896,76.937,76.967,76.996,77.031,77.076,
Lesotho,43.066,43.296,43.506,43.707,43.91,44.125,44.364,44.633,44.939,45.288,45.69,46.148,46.659,47.215,47.81,48.438,49.096,49.774,50.457,51.129,51.78,52.401,52.985,53.519,53.985,54.37,54.668,54.872,54.971,54.948,54.777,54.431,53.907,53.21,52.352,51.339,50.176,48.9,47.562,46.218,44.92,43.712,42.631,41.717,41.012,40.566,40.418,40.555,40.95,41.579,42.412,43.417,44.538,45.71,46.878,47.979,48.969,49.837,50.582,
Liberia,31.735,32.081,32.488,32.962,33.501,34.097,34.734,35.392,36.057,36.719,37.383,38.058,38.753,39.472,40.206,40.949,41.693,42.422,43.115,43.751,44.299,44.733,45.045,45.236,45.313,45.277,45.13,44.905,44.654,44.428,44.31,44.387,44.693,45.232,45.985,46.885,47.831,48.726,49.503,50.145,50.681,51.181,51.732,52.389,53.16,54.023,54.927,55.807,56.616,57.338,57.978,58.561,59.126,59.698,60.279,60.856,61.409,61.911,62.347,
Libya,41.449,43.034,44.639,46.205,47.686,49.051,50.291,51.437,52.512,53.524,54.482,55.397,56.281,57.142,57.984,58.808,59.613,60.389,61.129,61.828,62.482,63.083,63.633,64.135,64.594,65.019,65.423,65.814,66.199,66.58,66.952,67.307,67.635,67.928,68.186,68.41,68.604,68.777,68.935,69.084,69.232,69.389,69.553,69.717,69.873,69.991,70.04,70.004,69.884,69.695,69.473,69.266,69.119,69.062,69.105,69.239,69.442,69.672,69.895,
Liechtenstein,,,,,,,,,,,,,,,,,,,,,,,,,,,,,,,,,,,75.3,75,72.3,71.9,73.6,75.5,73.9,76.3,77.1,78.4,78.6,77.4,78.9,79.1,80,79.5,79.5,79.5,79.7,80.7,81,80.9,80.6,81.6,81.6,
Lithuania,66.94,66.81,65.91,66.78,68.27,68.13,68.13,67.96,67.66,67.07,66.78,67.55,66.81,67.22,67.01,66.36,66.28,66.19,65.99,65.57,65.57,65.49,65.91,65.89,65.32,65.75,67.91,67.72,67.45,66.84,66.39,65.13,64.81,63.13,62.54,63.26,64.63,65.47,66,66.4,66.8,66,66.2,66.5,66.4,65.4,65.3,64.9,66.3,67.5,68,68.1,68.4,68.5,69.2,69.2,69.5,70.7,71.9,
Luxembourg,65.362,65.627,65.863,66.066,66.233,66.362,66.453,66.515,66.561,66.599,66.642,66.699,66.778,66.885,67.025,67.202,67.419,67.668,67.941,68.233,68.537,68.845,69.152,69.454,69.749,70.036,70.319,70.604,70.894,71.189,71.487,72,72.6,72.2,73.2,73,73.3,74.1,73.7,74.6,74.8,74.8,74.6,74.8,76,76.7,76.8,76.7,78.1,78.1,77.9,78.5,79.1,79.8,79.4,80,80.1,79.9,79.9,
"Macao SAR, China",62.996,63.437,63.864,64.278,64.685,65.091,65.508,65.942,66.396,66.872,67.366,67.875,68.388,68.895,69.389,69.863,70.309,70.729,71.123,71.493,71.844,72.184,72.521,72.857,73.194,73.526,73.844,74.14,74.413,74.665,74.909,75.16,75.429,75.723,76.04,76.371,76.701,77.014,77.299,77.551,77.77,77.96,78.134,78.302,78.472,78.649,78.84,79.045,79.261,79.487,79.716,79.944,80.161,80.364,80.55,80.718,80.871,81.013,81.149,
Madagascar,39.042,39.527,40.01,40.491,40.972,41.453,41.936,42.421,42.908,43.395,43.879,44.361,44.836,45.302,45.753,46.189,46.61,47.014,47.396,47.752,48.061,48.302,48.471,48.576,48.637,48.683,48.75,48.874,49.084,49.398,49.832,50.388,51.045,51.775,52.559,53.376,54.207,55.034,55.838,56.601,57.305,57.938,58.506,59.016,59.477,59.899,60.299,60.693,61.093,61.505,61.93,62.363,62.793,63.211,63.613,63.999,64.369,64.728,65.077,
Malawi,36.63,36.858,37.075,37.282,37.487,37.704,37.953,38.248,38.596,38.995,39.437,39.909,40.39,40.862,41.313,41.74,42.146,42.535,42.91,43.261,43.579,43.848,44.06,44.212,44.303,44.339,44.327,44.282,44.217,44.139,44.05,43.95,43.835,43.707,43.574,43.432,43.272,43.103,42.95,42.845,42.836,42.973,43.289,43.807,44.537,45.497,46.693,48.084,49.608,51.207,52.807,54.334,55.737,56.979,58.035,58.898,59.587,60.155,60.651,
Malaysia,58.838,59.324,59.783,60.224,60.653,61.077,61.5,61.918,62.328,62.729,63.114,63.472,63.801,64.1,64.373,64.631,64.889,65.159,65.449,65.761,66.09,66.426,66.757,67.072,67.368,67.649,67.922,68.195,68.471,68.747,69.017,69.268,69.491,69.682,69.843,69.977,70.095,70.208,70.326,70.456,70.603,70.765,70.94,71.122,71.311,71.505,71.702,71.901,72.1,72.299,72.497,72.698,72.902,73.109,73.317,73.521,73.718,73.903,74.075,
Maldives,37.135,37.773,38.445,39.142,39.859,40.591,41.335,42.094,42.87,43.664,44.479,45.316,46.18,47.071,47.987,48.931,49.908,50.913,51.935,52.962,53.978,54.964,55.907,56.798,57.634,58.414,59.142,59.832,60.502,61.161,61.819,62.487,63.165,63.858,64.568,65.302,66.064,66.848,67.644,68.443,69.229,69.99,70.712,71.387,72.008,72.571,73.077,73.536,73.957,74.348,74.713,75.059,75.388,75.706,76.016,76.323,76.629,76.931,77.229,
Mali,27.436,27.548,27.707,27.932,28.233,28.619,29.09,29.631,30.225,30.863,31.533,32.222,32.925,33.633,34.342,35.054,35.774,36.51,37.262,38.027,38.797,39.565,40.319,41.049,41.746,42.403,43.019,43.596,44.129,44.613,45.026,45.341,45.555,45.684,45.754,45.81,45.905,46.084,46.382,46.813,47.386,48.092,48.889,49.733,50.592,51.429,52.212,52.926,53.566,54.127,54.62,55.065,55.491,55.922,56.364,56.818,57.275,57.718,58.137,
Malta,67.623,67.79,67.937,68.078,68.225,68.385,68.563,68.751,68.945,69.141,69.337,69.524,69.701,69.865,70.019,70.165,70.308,70.456,70.617,70.799,71.012,71.267,71.564,71.9,72.27,72.664,73.072,73.478,73.869,74.236,74.569,74.863,75.123,75.353,75.559,74.9,75,75.3,75.1,75.5,76.3,76.6,76.3,76.4,77.4,77.3,77,77.5,77.1,77.9,79.3,78.6,78.6,79.6,79.9,79.8,80.6,80.2,80.2,
Marshall Islands,,,,,,,,,,,,,,,,,,,,,,,,,,,,69.8,,,,,,,,,,,,65.7,62.8,,,,,,,,,,,,,,,,,,,
Mauritania,43.492,44.125,44.762,45.397,46.022,46.623,47.185,47.698,48.16,48.575,48.947,49.286,49.61,49.938,50.282,50.658,51.078,51.543,52.048,52.591,53.168,53.772,54.389,55.003,55.597,56.156,56.665,57.121,57.518,57.854,58.125,58.332,58.486,58.598,58.678,58.733,58.768,58.789,58.805,58.826,58.864,58.926,59.017,59.138,59.291,59.475,59.688,59.922,60.172,60.434,60.708,60.996,61.299,61.614,61.935,62.251,62.552,62.831,63.082,
Mauritius,56.954,57.963,58.843,59.564,60.113,60.49,60.707,60.808,60.839,60.828,60.8,60.767,60.738,60.727,60.759,60.872,61.101,61.45,61.906,62.447,63.021,63.563,64.02,64.362,64.585,64.718,64.814,64.936,65.124,65.385,65.6,66.2,66.4,66.4,66.5,66.56,66.44,66.6,66.9,67.4,68.2,68.4,68.6,68.77333333,68.94666667,69.12,69.12,69.2,69.2,69.38,69.46,69.74,70.4,70.7,70.97,71.08,71.19,71.3,71.27,
Mexico,55.091,55.662,56.17,56.619,57.019,57.382,57.722,58.053,58.387,58.734,59.1,59.486,59.884,60.291,60.705,61.126,61.553,61.986,62.423,62.864,63.309,63.759,64.213,64.672,65.133,65.599,66.07,66.545,67.021,67.492,67.951,68.386,68.793,69.171,69.522,69.859,70.199,70.553,70.923,71.302,71.668,71.995,72.259,72.445,72.55,72.575,72.532,72.447,72.342,72.233,72.135,72.056,71.997,71.958,71.943,71.954,71.99,72.046,72.118,
"Micronesia, Fed. Sts.",52.742,53.194,53.649,54.108,54.568,55.027,55.482,55.93,56.372,56.804,57.231,57.655,58.078,58.5,58.916,59.32,59.703,60.06,60.385,60.673,60.924,61.137,61.317,61.471,61.604,61.723,61.835,61.944,62.052,62.162,62.269,62.37,62.459,62.534,62.597,62.653,62.709,62.771,62.846,62.938,63.053,63.193,63.355,63.534,63.726,63.926,64.128,64.326,64.516,64.695,64.865,65.03,65.193,65.358,65.523,65.686,65.842,65.986,66.117,
Moldova,58.024,58.444,58.872,59.304,59.732,60.141,60.515,60.843,61.115,61.329,61.483,61.582,61.639,61.667,61.675,61.666,61.636,61.588,61.535,61.493,61.502,61.603,61.814,62.13,62.532,62.976,63.404,63.76,64.003,64.115,64.092,63.945,63.722,63.469,63.217,63.001,62.853,62.779,62.783,62.866,63.012,63.195,63.387,63.569,63.739,63.916,64.127,64.398,64.739,65.14,65.577,66.014,66.415,66.753,67.017,67.208,67.34,67.439,67.53,
Monaco,,,,,,,,,,,,,,,,,,,,,,,,,,,,,,,,,,,,,,,,,,,,,,,,,,,,,,,,,,,,
Mongolia,46.161,47.118,48.042,48.899,49.67,50.353,50.967,51.541,52.095,52.628,53.124,53.56,53.919,54.191,54.38,54.492,54.538,54.543,54.538,54.548,54.606,54.746,54.973,55.283,55.666,56.096,56.534,56.941,57.291,57.575,57.798,57.978,58.147,58.331,58.539,58.774,59.03,59.295,59.561,59.826,60.09,60.354,60.622,60.9,61.191,61.504,61.849,62.227,62.633,63.059,63.486,63.895,64.269,64.596,64.873,65.103,65.294,65.465,65.631,
Montenegro,62.51,63.183,63.818,64.399,64.919,65.38,65.794,66.18,66.552,66.913,67.253,67.557,67.815,68.026,68.198,68.354,68.521,68.723,68.97,69.26,69.58,69.904,70.204,70.456,70.655,70.805,70.921,71.022,71.12,71.217,71.298,71.347,71.347,71.293,71.191,71.051,70.89,70.731,70.598,70.504,70.465,70.488,70.568,70.7,70.88,71.112,71.394,71.718,72.07,72.435,72.792,73.119,73.405,73.644,73.835,73.982,74.099,74.205,74.317,
Morocco,47.152,47.709,48.251,48.765,49.242,49.68,50.08,50.457,50.824,51.186,51.549,51.911,52.276,52.649,53.039,53.457,53.918,54.425,54.982,55.589,56.245,56.946,57.681,58.434,59.189,59.932,60.649,61.334,61.978,62.576,63.118,63.601,64.031,64.421,64.783,65.13,65.475,65.832,66.214,66.633,67.108,67.654,68.266,68.931,69.632,70.339,71.019,71.644,72.194,72.66,73.046,73.366,73.646,73.912,74.172,74.433,74.694,74.948,75.19,
Mozambique,38.243,38.663,39.004,39.261,39.441,39.561,39.642,39.716,39.808,39.936,40.117,40.364,40.665,41.001,41.357,41.701,41.999,42.227,42.374,42.44,42.437,42.385,42.321,42.276,42.273,42.333,42.47,42.677,42.943,43.259,43.606,43.962,44.306,44.625,44.915,45.186,45.456,45.746,46.068,46.419,46.784,47.137,47.458,47.739,47.985,48.207,48.422,48.662,48.955,49.327,49.816,50.461,51.26,52.191,53.222,54.295,55.339,56.293,57.114,
Myanmar,39.556,40.139,40.751,41.406,42.106,42.834,43.561,44.253,44.884,45.445,45.936,46.369,46.765,47.146,47.522,47.897,48.273,48.646,49.016,49.384,49.755,50.132,50.517,50.91,51.308,51.709,52.108,52.5,52.881,53.251,53.609,53.957,54.299,54.638,54.976,55.316,55.66,56.008,56.357,56.705,57.044,57.362,57.656,57.926,58.18,58.43,58.693,58.984,59.313,59.684,60.102,60.566,61.062,61.572,62.082,62.572,63.021,63.419,63.761,
Namibia,44.211,44.983,45.737,46.468,47.169,47.829,48.44,48.999,49.51,49.981,50.426,50.865,51.313,51.776,52.252,52.721,53.156,53.534,53.85,54.112,54.354,54.62,54.945,55.347,55.819,56.354,56.933,57.504,58.01,58.399,58.596,58.529,58.179,57.56,56.698,55.632,54.418,53.149,51.925,50.824,49.924,49.281,48.896,48.768,48.907,49.327,50.035,50.982,52.103,53.332,54.586,55.786,56.877,57.822,58.595,59.195,59.65,60.02,60.357,
Nauru,,,,,,,,,,,,,,,,,,,,,,,,,,,,,,,,,,,,,,,,,,,,,,,,,,,,,,,,,,,,
Nepal,35.552,35.907,36.318,36.78,37.288,37.832,38.402,38.987,39.577,40.162,40.738,41.3,41.853,42.403,42.951,43.502,44.058,44.625,45.207,45.807,46.428,47.069,47.729,48.408,49.104,49.821,50.563,51.327,52.112,52.913,53.723,54.536,55.346,56.145,56.927,57.688,58.427,59.145,59.842,60.517,61.166,61.787,62.38,62.944,63.482,63.996,64.488,64.962,65.42,65.863,66.29,66.698,67.085,67.449,67.792,68.114,68.419,68.71,68.989,
Netherlands,71.5,71.56,71.08,71.02,71.27,71.12,71.03,71.17,70.92,70.92,70.81,70.99,70.81,71.3,71.61,71.45,71.53,72.08,71.95,72.45,72.47,72.71,72.73,72.93,72.96,73.07,73.09,73.51,73.7,73.7,73.8,74,74.3,73.98,74.58,74.59,74.66,75.17,75.2,75.3,75.5,75.8,76,76.2,76.9,77.2,77.6,78,78.3,78.5,78.8,79.4,79.3,79.5,80,79.9,80,80.2,80.2,
New Caledonia,56.2,56.6,57,57.4,57.8,58.2,58.6,59,59.4,59.8,60.2,60.6,61,61.4,61.8,62.2,62.6,63,62.95,62.9,62.85,62.8,63.7,66.1,64.6,65.4,65.6,66.5,65.6,66.5,67.9,66.7,68.2,67.9,67.6,68.4,69.9,69.3,71.4,70.9,71.7,72.1,71.2,72.1,72.3,72.6,73.1,73.6,73.9,74.2,74.45514409,73.89544177,74.17153108,74.32000652,74.70124745,74.46177101,74.22461207,75.1,75.1,
New Zealand,68.7,68.4,68.5,68.5,68.5,68.3,68.1,68.4,68.1,68.4,68.2,68.7,69,68.4,68.9,69,69.3,68.9,69.8,69.8,70,70.5,70.7,70.8,71.2,71,71,71.3,71.4,71.8,72.5,73.3,73.1,73.8,74.2,74.1,74.3,74.7,75.5,75.5,76.1,76.4,76.7,77,77.5,77.9,78,78.2,78.4,78.8,78.8,79.1,79.4,79.7,79.6,79.73,79.91,80,80.2,
Nicaragua,45.682,46.314,46.946,47.579,48.212,48.851,49.5,50.16,50.824,51.484,52.122,52.723,53.272,53.763,54.191,54.554,54.852,55.102,55.324,55.537,55.762,56.017,56.317,56.674,57.098,57.608,58.216,58.913,59.677,60.487,61.309,62.106,62.848,63.514,64.095,64.595,65.032,65.435,65.827,66.215,66.597,66.961,67.294,67.589,67.848,68.079,68.294,68.506,68.724,68.952,69.185,69.416,69.636,69.839,70.026,70.201,70.374,70.551,70.741,
Niger,34.564,34.652,34.735,34.812,34.884,34.951,35.015,35.081,35.157,35.247,35.355,35.486,35.641,35.825,36.041,36.302,36.615,36.983,37.4,37.859,38.341,38.829,39.304,39.758,40.189,40.599,41.001,41.413,41.851,42.322,42.835,43.394,43.995,44.629,45.289,45.966,46.646,47.321,47.985,48.636,49.279,49.921,50.573,51.242,51.932,52.644,53.378,54.127,54.88,55.63,56.364,57.074,57.752,58.392,58.988,59.536,60.033,60.485,60.9,
Nigeria,35.581,36.045,36.494,36.923,37.33,37.72,38.098,38.474,38.857,39.251,39.662,40.091,40.536,40.991,41.451,41.916,42.383,42.847,43.296,43.719,44.095,44.405,44.641,44.802,44.889,44.912,44.885,44.829,44.766,44.71,44.671,44.651,44.648,44.661,44.694,44.749,44.822,44.915,45.033,45.184,45.386,45.661,46.016,46.449,46.952,47.504,48.078,48.648,49.191,49.696,50.161,50.596,51.019,51.442,51.865,52.286,52.696,53.086,53.45,
North Macedonia,60.195,60.785,61.359,61.92,62.468,63.001,63.514,64.003,64.461,64.883,65.264,65.601,65.893,66.142,66.352,66.519,66.643,66.729,66.79,66.841,66.908,67.018,67.184,67.411,67.692,68.01,68.333,68.631,68.883,69.082,69.233,69.352,69.464,69.588,69.733,69.899,70.084,70.275,70.465,70.65,70.829,71.002,71.172,71.34,71.508,71.681,71.862,72.053,72.253,72.458,72.66,72.85,73.02,73.167,73.291,73.397,73.491,73.584,73.684,
Northern Mariana Islands,,,,,,,,,,,,,,,,,,,,,,,,,,,,,,,,,,,,,,,,,,,,,,,,,,,,,,,,,,,,
Norway,71.34,71.17,70.97,70.78,71.23,71.05,71.41,71.33,71.22,70.8,71.01,71.15,71.33,71.33,71.7,71.72,72.02,72.26,72.36,72.17,72.34,72.63,72.65,72.74,73,72.59,72.89,72.75,73.04,73.32,73.43,74.01,74.16,74.22,74.88,74.8,75.37,75.45,75.5,75.6,76,76.2,76.5,77,77.5,77.7,78.1,78.2,78.3,78.6,78.9,79.1,79.5,79.8,80.1,80.5,80.7,81,81.3,
Oman,41.87,42.652,43.421,44.177,44.92,45.649,46.358,47.05,47.732,48.415,49.115,49.855,50.644,51.488,52.384,53.325,54.297,55.278,56.247,57.193,58.105,58.98,59.823,60.636,61.418,62.166,62.877,63.553,64.197,64.81,65.397,65.96,66.505,67.033,67.548,68.05,68.541,69.018,69.479,69.926,70.36,70.782,71.193,71.592,71.978,72.347,72.695,73.02,73.321,73.601,73.865,74.119,74.369,74.621,74.875,75.133,75.391,75.645,75.89,
Pakistan,45.185,46.094,46.965,47.799,48.596,49.357,50.085,50.779,51.441,52.069,52.658,53.202,53.699,54.15,54.559,54.93,55.272,55.593,55.902,56.205,56.507,56.808,57.108,57.404,57.698,57.992,58.287,58.584,58.881,59.178,59.472,59.762,60.044,60.317,60.581,60.837,61.087,61.333,61.576,61.818,62.054,62.281,62.496,62.702,62.901,63.102,63.317,63.552,63.809,64.086,64.377,64.672,64.959,65.226,65.468,65.684,65.872,66.041,66.194,
Palau,,,,,,,,,,,,,,,,,,,,,,,,,,,,,,,63.44,,,,,67.03,,,,,66.64,,,,,66.3,,,,,,,,,,,,,,
Panama,59.874,60.365,60.84,61.298,61.74,62.166,62.578,62.98,63.376,63.769,64.163,64.563,64.97,65.38,65.792,66.2,66.595,66.972,67.325,67.651,67.95,68.219,68.466,68.695,68.913,69.123,69.331,69.54,69.753,69.973,70.205,70.451,70.711,70.979,71.251,71.522,71.785,72.034,72.263,72.47,72.652,72.808,72.941,73.059,73.167,73.272,73.381,73.499,73.63,73.775,73.932,74.096,74.26,74.422,74.58,74.736,74.894,75.06,75.235,
Papua New Guinea,38.449,39.007,39.584,40.193,40.839,41.523,42.235,42.961,43.688,44.41,45.126,45.839,46.554,47.269,47.978,48.672,49.344,49.983,50.584,51.141,51.649,52.106,52.516,52.888,53.229,53.548,53.855,54.158,54.463,54.774,55.093,55.416,55.738,56.052,56.356,56.648,56.925,57.188,57.439,57.683,57.923,58.166,58.417,58.678,58.952,59.237,59.53,59.825,60.119,60.411,60.702,60.997,61.297,61.603,61.911,62.215,62.508,62.784,63.039,
Paraguay,61.862,62.089,62.301,62.491,62.655,62.796,62.919,63.037,63.16,63.29,63.432,63.586,63.749,63.916,64.087,64.261,64.437,64.614,64.789,64.961,65.125,65.277,65.417,65.547,65.669,65.79,65.919,66.062,66.224,66.403,66.594,66.788,66.976,67.155,67.324,67.491,67.666,67.859,68.075,68.313,68.565,68.821,69.069,69.301,69.515,69.715,69.907,70.101,70.304,70.516,70.735,70.958,71.176,71.384,71.577,71.752,71.906,72.041,72.159,
Peru,46.541,47.129,47.698,48.244,48.768,49.289,49.834,50.425,51.071,51.768,52.497,53.232,53.94,54.601,55.207,55.761,56.273,56.768,57.265,57.771,58.291,58.825,59.366,59.91,60.459,61.015,61.585,62.171,62.769,63.377,63.984,64.582,65.162,65.715,66.239,66.731,67.193,67.633,68.055,68.461,68.852,69.226,69.583,69.923,70.248,70.558,70.857,71.146,71.427,71.701,71.968,72.226,72.474,72.713,72.944,73.169,73.39,73.612,73.834,
Philippines,58.974,59.378,59.724,60.011,60.242,60.422,60.554,60.647,60.709,60.747,60.762,60.75,60.712,60.654,60.586,60.526,60.49,60.489,60.532,60.621,60.749,60.903,61.068,61.236,61.409,61.602,61.838,62.131,62.485,62.89,63.327,63.769,64.189,64.56,64.868,65.105,65.269,65.376,65.444,65.481,65.499,65.508,65.515,65.529,65.555,65.597,65.653,65.718,65.789,65.868,65.957,66.062,66.185,66.326,66.48,66.644,66.81,66.971,67.123,
Poland,64.9,64.9,64.5,65.4,65.8,66.6,66.9,66.4,67,66.5,66.6,66.1,67.3,67.2,67.8,67,66.9,66.5,66.4,66.8,66,67.1,67.2,67,66.8,66.5,66.8,66.8,67.2,66.8,66.5,66.1,66.7,67.4,67.5,67.6,68.1,68.5,68.9,68.8,69.7,70.2,70.4,70.5,70.7,70.8,70.9,71,71.3,71.5,72.1,72.5,72.6,73,73.7,73.5,73.9,73.9,73.9,
Portugal,60.529,60.901,61.264,61.617,61.962,62.302,62.642,62.987,63.339,63.701,64,63.6,65.3,64.5,64.8,64.7,65.3,66.5,67,67.9,67.8,68.2,69,68.9,69.1,69.4,69.9,70.3,70.3,70.9,70.6,70.6,70.8,71,71.5,71.8,71.7,71.9,72.2,72.5,72.9,73.4,73.7,74,74.5,74.9,75.2,75.2,75.5,75.8,76.1,77.3,77.3,77.6,78,78.1,78.1,78.4,78.7,
Puerto Rico,66.084,66.23,66.363,66.516,66.705,66.941,67.215,67.504,67.79,68.067,68.337,68.603,68.868,69.134,69.394,69.641,69.864,70.054,70.208,70.324,70.41,70.476,70.532,70.582,70.623,70.637,70.596,70.49,70.318,70.097,69.856,69.631,69.461,69.376,69.393,69.527,69.78,70.126,70.539,70.995,72.66,72.94,73.58,74.12,74.21,74.34,74.47,74.46,74.22,74.491,74.763,75.027,75.271,75.488,75.681,75.853,76.014,76.176,76.346,
Qatar,59.214,60.048,60.887,61.727,62.562,63.381,64.171,64.92,65.623,66.276,66.884,67.455,68,68.529,69.047,69.554,70.049,70.525,70.98,71.413,71.823,72.211,72.581,72.933,73.268,73.587,73.89,74.178,74.45,74.706,74.945,75.165,75.366,75.549,75.717,75.87,76.012,76.145,76.273,76.399,76.527,76.658,76.793,76.931,77.073,77.219,77.366,77.512,77.656,77.796,77.932,78.063,78.188,78.311,78.433,78.558,78.69,78.83,78.981,
Romania,63.86,64.591,65.152,65.504,65.648,65.632,65.538,65.463,65.481,65.612,65.853,66.27,66.28,66.83,67.29,67.37,67.45,67.42,67.1,66.68,66.53,66.7,66.8,66.98,66.81,66.78,66.55,66.3,66.51,66.56,66.59,66.56,66.56,66.1,65.9,65.7,65.3,65.2,66.1,67,67.7,67.6,67.4,67.7,68.0333,68.3667,68.7,69.2,69.2,69.7,69.8,70.8,70.9,71.6,71.3,71.4,71.6,71.7,71.8,
Russian Federation,62.067,62.578,62.958,63.216,63.367,63.433,63.433,63.386,63.308,63.212,63.08,63.24,63.25,63.28,63.13,62.48,62.19,61.83,61.83,61.49,61.39,61.62,62.25,62.16,61.71,62.73,64.78,64.84,64.64,64.24,63.73,63.45,62,58.97,57.55,58.12,59.62,60.85,61.22,59.87,59.03,58.92,58.68,58.56,58.91,58.92,60.43,61.46,61.92,62.87,63.09,64.04,64.56,65.13,65.29,65.92,66.5,67.51,67.75,
Rwanda,41.145,41.479,41.793,42.08,42.335,42.553,42.728,42.867,42.978,43.072,43.156,43.235,43.321,43.433,43.591,43.843,44.241,44.793,45.477,46.253,47.122,48.092,49.075,49.922,50.459,50.246,48.782,45.946,41.888,36.961,31.941,27.8,25.288,24.834,26.481,29.87,34.303,38.84,42.748,45.734,47.749,49.009,50.006,51.122,52.449,54.006,55.727,57.449,59.04,60.457,61.672,62.683,63.527,64.245,64.854,65.371,65.81,66.187,66.518,
Samoa,54.175,54.453,54.731,55.01,55.293,55.583,55.88,56.185,56.499,56.822,57.155,57.497,57.848,58.207,58.571,58.944,59.326,59.716,60.112,60.508,60.897,61.269,61.621,61.947,62.245,62.513,62.751,62.964,63.162,63.351,63.538,63.727,63.925,64.137,64.368,64.626,64.918,65.242,65.592,65.964,66.348,66.73,67.102,67.454,67.784,68.092,68.383,68.667,68.95,69.231,69.51,69.782,70.043,70.286,70.511,70.715,70.895,71.055,71.197,
San Marino,,,,,,,,,,,,,,,,,,,,,,,,,,,,,,,,,,,,,,,,,,,,,,,,,,,,,84.1,,,,,,,
Sao Tome and Principe,48.945,49.457,49.956,50.437,50.902,51.36,51.824,52.306,52.813,53.345,53.901,54.48,55.067,55.644,56.195,56.702,57.15,57.528,57.828,58.044,58.164,58.18,58.104,57.953,57.744,57.496,57.226,56.955,56.707,56.505,56.37,56.316,56.342,56.447,56.636,56.913,57.279,57.724,58.233,58.793,59.39,60.013,60.65,61.288,61.915,62.521,63.101,63.658,64.192,64.698,65.173,65.613,66.02,66.395,66.737,67.045,67.321,67.565,67.783,
Saudi Arabia,43.677,44.19,44.715,45.262,45.842,46.474,47.176,47.957,48.82,49.762,50.78,51.864,52.995,54.147,55.299,56.429,57.52,58.564,59.555,60.484,61.352,62.162,62.926,63.653,64.344,64.996,65.603,66.159,66.666,67.127,67.551,67.947,68.327,68.696,69.061,69.421,69.777,70.119,70.443,70.743,71.015,71.251,71.451,71.618,71.759,71.883,72.005,72.136,72.282,72.446,72.625,72.808,72.984,73.147,73.293,73.425,73.548,73.671,73.799,
Senegal,37.466,37.613,37.686,37.693,37.655,37.603,37.57,37.595,37.713,37.952,38.342,38.904,39.625,40.479,41.445,42.489,43.573,44.661,45.723,46.739,47.713,48.665,49.619,50.583,51.542,52.47,53.332,54.098,54.744,55.257,55.627,55.849,55.951,55.966,55.926,55.863,55.808,55.788,55.829,55.955,56.196,56.57,57.066,57.663,58.343,59.081,59.848,60.611,61.342,62.017,62.62,63.144,63.602,64.007,64.365,64.683,64.972,65.242,65.501,
Serbia,,,,,,,,,,,,,,,,,,,,,,,,,,,,,,,,69,,,,,,69.6,,,68.9,69.6,69.7,69.9,70,70.2,70.8,70.9,71.3,71.4,71.8,72,72.3,72.6,72.8,72.8,73.2,73.1,73.1,
Seychelles,,,,,,,,,,,,,,,,,,,,,65.5,67.7,64.3,65.7,65.7,63.6,64.9,63.7,64.8,62.8,62.4,65.2,65.8,64.2,65.9,65.8,66,65.7,67.6,67.4,67.9,67.4,66.6,66.2,69.1,67.4,68.9,68.9,67.7,68.4,69.1,67.7,69.3,69.9,68.4,70.1,68.7,70.3,68.5,
Sierra Leone,30.491,30.868,31.265,31.687,32.136,32.608,33.098,33.595,34.092,34.584,35.07,35.555,36.041,36.525,37.003,37.467,37.913,38.331,38.711,39.043,39.315,39.519,39.653,39.716,39.706,39.613,39.427,39.156,38.817,38.436,38.033,37.63,37.256,36.945,36.73,36.655,36.755,37.033,37.483,38.099,38.861,39.745,40.708,41.712,42.726,43.731,44.721,45.699,46.664,47.602,48.497,49.337,50.117,50.833,51.485,52.068,52.586,53.049,53.468,
Singapore,62.293,62.755,63.142,63.453,63.699,63.898,64.074,64.255,64.463,64.714,65.016,65.369,65.759,66.173,66.606,67.048,67.493,67.937,68.377,68.812,69.8,70.1,70.2,70.5,70.9,71.5,72.1,72.5,72.6,72.8,73.1,73.5,73.8,73.9,74.1,74.1,74.4,74.8,75.3,75.6,76,76.3,76.6,76.6,77.1,77.6,77.8,78.1,78.4,78.9,79.2,79.5,79.8,80.1,80.3,80.5,80.7,80.9,81,
Sint Maarten (Dutch part),,,,,,,,,,,,,,,,,,,,,,,,,,,,,,,,,,,,,,,,,,,,,,,,72.3,72,73.1,,,69.2,,73.8,74,74,,,
Slovak Republic,67.75,68.025,68.184,68.232,68.184,68.058,67.875,67.66,67.44,67.234,67.064,66.939,66.856,66.808,66.792,66.8,66.821,66.843,66.855,66.856,66.75,66.8,66.85,66.64,66.79,66.92,67.47,67.24,67.12,66.88,66.64,66.8,67.6,68.4,68.3,68.4,68.8,68.9,68.6,69,69.1,69.5,69.8,69.8,70.3,70.1,70.4,70.5,70.9,71.3,71.6,72.3,72.5,72.9,73.3,73.1,73.8,73.8,73.8,
Slovenia,66.1,66.1,66.1,65.5,65.2,65,65.5,66,65.6,64.8,65,65.2,65.4,65.6,66.6,66.7,66.6,66.8,66.8,67,67.3,67.4,67.2,66.2,67,67.4,67.9,68.1,68.3,68.9,69.4,69.5,69.5,69.4,69.6,70.3,70.8,71,71.1,71.4,71.9,72.1,72.3,73.2,73.5,74.1,74.55,75,75.4,75.8,76.3,76.8,77.1,77.2,78.2,77.8,78.2,78.2,78.2,
Solomon Islands,47.231,48.052,48.868,49.679,50.486,51.292,52.105,52.925,53.751,54.578,55.4,56.208,56.993,57.746,58.457,59.12,59.731,60.292,60.803,61.264,61.67,62.019,62.312,62.557,62.76,62.929,63.067,63.185,63.294,63.406,63.534,63.689,63.874,64.092,64.341,64.623,64.932,65.259,65.592,65.927,66.254,66.567,66.866,67.152,67.425,67.689,67.95,68.216,68.491,68.774,69.067,69.369,69.675,69.976,70.266,70.536,70.777,70.984,71.158,
Somalia,35.481,35.874,36.27,36.669,37.07,37.473,37.875,38.274,38.669,39.059,39.445,39.828,40.211,40.594,40.976,41.358,41.742,42.126,42.504,42.873,43.23,43.577,43.908,44.213,44.479,44.664,44.719,44.634,44.432,44.157,43.903,43.786,43.885,44.242,44.85,45.655,46.562,47.454,48.237,48.872,49.349,49.695,49.976,50.248,50.529,50.829,51.148,51.472,51.793,52.114,52.441,52.783,53.143,53.521,53.912,54.308,54.697,55.067,55.41,
South Africa,45.876,46.257,46.634,47.014,47.406,47.817,48.253,48.713,49.196,49.703,50.234,50.789,51.362,51.947,52.537,53.126,53.704,54.267,54.815,55.347,55.874,56.412,56.969,57.541,58.115,58.677,59.211,59.69,60.081,60.356,60.472,60.392,60.109,59.634,58.983,58.171,57.218,56.177,55.11,54.077,53.14,52.344,51.715,51.278,51.061,51.104,51.439,52.038,52.853,53.833,54.906,55.993,57.027,57.951,58.728,59.342,59.803,60.162,60.463,
South Sudan,30.371,30.795,31.216,31.638,32.062,32.485,32.902,33.309,33.702,34.081,34.454,34.83,35.214,35.607,36.003,36.384,36.729,37.023,37.265,37.464,37.639,37.815,38.023,38.286,38.621,39.039,39.547,40.129,40.766,41.445,42.149,42.863,43.571,44.258,44.913,45.523,46.079,46.588,47.062,47.511,47.955,48.416,48.911,49.446,50.023,50.633,51.264,51.891,52.494,53.059,53.575,54.032,54.435,54.792,55.106,55.386,55.64,55.88,56.115,
Spain,66.68,67.1,67.08,67.13,67.79,68.18,68.46,68.57,68.85,68.36,69.32,68.84,70.14,69.84,70.16,70.47,70.75,71.21,71.32,71.77,72.32,72.47,73.1,72.87,73.11,73.04,73.33,73.45,73.43,73.36,73.34,73.42,73.81,74.01,74.36,74.41,74.54,75.17,75.3,75.4,75.6,76.1,76.3,76.4,76.7,77,77.7,77.8,78.2,78.5,78.7,79.5,79.5,80.2,80.4,80.1,80.5,80.6,80.7,
Sri Lanka,57.343,57.709,58.105,58.551,59.054,59.607,60.195,60.787,61.358,61.899,62.4,62.863,63.296,63.707,64.099,64.48,64.863,65.248,65.628,65.99,66.298,66.51,66.606,66.584,66.462,66.287,66.125,66.029,66.031,66.132,66.282,66.404,66.435,66.35,66.172,65.988,65.913,66.043,66.427,67.057,67.872,68.769,69.624,70.343,70.886,71.247,71.457,71.591,71.711,71.842,71.995,72.172,72.356,72.536,72.713,72.887,73.062,73.238,73.415,
St. Kitts and Nevis,,,,,,,,,,,,,,,,,,,,,,,62,,,,,64,,,,,66,,,,,67.49,,,,,68.8,,,,,,,,,,,,,,,,,
St. Lucia,54.811,55.65,56.484,57.307,58.108,58.871,59.576,60.214,60.785,61.292,61.748,62.17,62.581,62.996,63.424,63.865,64.313,64.753,65.178,65.583,65.968,66.334,66.686,67.03,67.367,67.702,68.037,68.373,68.709,69.045,69.381,69.715,70.044,70.363,70.668,70.951,71.206,71.431,71.625,71.793,71.939,72.072,72.201,72.333,72.474,72.625,72.786,72.953,73.121,73.289,73.457,73.624,73.791,73.958,74.122,74.282,74.435,74.581,74.72,
St. Martin (French part),,,,,,,,,,,,,,,,,,,,,,,70,69.5,69.7,69.4,70.3,70.5,71.1,71.2,71.4,72.9,72.4,72.5,72.7,72.8,73,73.2,73.4,73.6,73.8,74,74.2,74.4,74.6,74.7,74.9,75.1,75.2,75.4,75.6,75.7,75.9,76,76.2,76.3,76.5,76.6,76.7,
St. Vincent and the Grenadines,57.798,58.374,58.909,59.4,59.849,60.257,60.627,60.967,61.287,61.596,61.902,62.212,62.531,62.863,63.213,63.591,64.005,64.451,64.923,65.41,65.899,66.374,66.819,67.224,67.583,67.895,68.168,68.413,68.637,68.841,69.016,69.154,69.245,69.288,69.287,69.246,69.175,69.086,68.994,68.911,68.85,68.823,68.831,68.871,68.942,69.036,69.141,69.245,69.34,69.421,69.491,69.553,69.617,69.69,69.774,69.867,69.969,70.075,70.182,
Sudan,46.793,47.213,47.626,48.035,48.439,48.843,49.248,49.652,50.051,50.44,50.81,51.156,51.469,51.748,51.989,52.193,52.36,52.496,52.612,52.712,52.806,52.899,52.996,53.099,53.213,53.337,53.468,53.602,53.737,53.877,54.025,54.189,54.372,54.58,54.813,55.07,55.349,55.644,55.953,56.276,56.614,56.972,57.354,57.76,58.187,58.636,59.106,59.591,60.082,60.567,61.031,61.457,61.838,62.17,62.453,62.693,62.9,63.09,63.277,
Suriname,57.928,58.26,58.576,58.882,59.182,59.477,59.765,60.043,60.308,60.562,60.805,61.039,61.267,61.49,61.711,61.934,62.16,62.391,62.623,62.854,63.078,63.288,63.48,63.649,63.796,63.923,64.033,64.134,64.23,64.322,64.408,64.484,64.547,64.594,64.627,64.644,64.643,64.63,64.614,64.608,64.635,64.717,64.866,65.085,65.367,65.7,66.063,66.427,66.77,67.076,67.336,67.547,67.719,67.863,67.983,68.088,68.183,68.274,68.368,
Sweden,71.23,71.65,71.37,71.57,71.66,71.73,71.82,71.82,71.69,71.68,72.22,71.98,72.04,72.16,72.2,72.17,72.14,72.37,72.43,72.49,72.78,73.07,73.42,73.62,73.85,73.78,73.98,74.18,74.15,74.8,74.81,74.94,75.35,75.48,76.06,76.16,76.52,76.7,76.9,77.1,77.4,77.6,77.7,77.9,78.4,78.4,78.7,78.9,79.1,79.4,79.5,79.9,79.9,80.2,80.4,80.4,80.6,80.8,81,
Switzerland,68.65,68.84,68.44,68.29,69.19,69.47,69.56,69.7,69.8,69.72,70.03,70.16,70.62,70.98,71.17,71.49,71.6,71.96,71.88,72.31,72.23,72.42,72.79,72.68,73.35,73.48,73.66,73.9,73.89,74.07,73.94,74.1,74.45,74.9,75.15,75.3,75.94,76.26,76.3,76.8,76.9,77.4,77.8,78,78.6,78.7,79.1,79.4,79.7,79.8,80.1,80.5,80.6,80.7,81.1,80.8,81.7,81.6,81.6,
Syrian Arab Republic,50.671,51.257,51.854,52.468,53.103,53.765,54.46,55.188,55.944,56.722,57.513,58.307,59.092,59.86,60.603,61.318,62.005,62.671,63.317,63.943,64.548,65.132,65.693,66.227,66.734,67.21,67.652,68.058,68.43,68.768,69.074,69.347,69.593,69.815,70.019,70.207,70.383,70.549,70.706,70.859,71.034,71.269,71.559,71.873,72.161,72.299,72.14,71.613,70.717,69.509,68.113,66.697,65.451,64.533,64.032,64.019,64.512,65.407,66.578,
Tajikistan,49.093,49.391,49.684,49.974,50.265,50.564,50.878,51.214,51.571,51.948,52.344,52.754,53.169,53.577,53.967,54.319,54.612,54.842,55.015,55.145,55.277,55.468,55.748,56.117,56.55,56.96,57.233,57.293,57.117,56.734,56.235,55.75,55.417,55.333,55.535,56.018,56.735,57.578,58.457,59.327,60.166,60.973,61.765,62.552,63.318,64.041,64.698,65.278,65.777,66.197,66.549,66.852,67.131,67.404,67.68,67.959,68.234,68.493,68.727,
Tanzania,42.362,42.6,42.85,43.12,43.416,43.74,44.089,44.455,44.828,45.206,45.593,45.992,46.406,46.829,47.251,47.658,48.033,48.363,48.64,48.857,49.015,49.12,49.183,49.214,49.215,49.181,49.102,48.973,48.799,48.59,48.354,48.099,47.845,47.617,47.444,47.36,47.401,47.579,47.897,48.353,48.936,49.625,50.385,51.181,51.993,52.803,53.603,54.396,55.189,55.978,56.776,57.599,58.453,59.333,60.22,61.082,61.879,62.581,63.17,
Thailand,52.457,52.965,53.456,53.928,54.384,54.826,55.261,55.692,56.125,56.564,57.011,57.468,57.933,58.403,58.876,59.345,59.799,60.235,60.66,61.085,61.544,62.083,62.719,63.446,64.238,65.039,65.776,66.386,66.828,67.089,67.175,67.117,66.976,66.815,66.668,66.565,66.523,66.538,66.608,66.738,66.935,67.2,67.523,67.891,68.29,68.71,69.138,69.563,69.978,70.374,70.749,71.104,71.446,71.779,72.102,72.412,72.704,72.977,73.228,
Timor-Leste,33.182,33.68,34.181,34.683,35.183,35.719,36.336,37.031,37.761,38.452,38.914,38.915,38.362,37.273,35.764,34.11,32.671,31.761,31.581,32.183,33.494,35.319,37.335,39.27,40.998,42.436,43.575,44.523,45.379,46.179,46.979,47.839,48.789,49.84,50.988,52.198,53.41,54.565,55.623,56.577,57.46,58.327,59.233,60.204,61.228,62.26,63.234,64.085,64.769,65.28,65.631,65.862,66.032,66.196,66.375,66.582,66.815,67.053,67.279,
Togo,39.366,39.976,40.579,41.176,41.768,42.353,42.934,43.508,44.077,44.64,45.199,45.754,46.305,46.854,47.398,47.939,48.477,49.01,49.537,50.054,50.561,51.056,51.536,51.999,52.441,52.864,53.275,53.672,54.044,54.374,54.626,54.756,54.745,54.598,54.331,53.98,53.592,53.226,52.93,52.737,52.668,52.727,52.889,53.133,53.452,53.849,54.328,54.882,55.493,56.137,56.781,57.388,57.936,58.41,58.806,59.128,59.398,59.644,59.892,
Tonga,59.413,59.89,60.368,60.843,61.311,61.767,62.207,62.629,63.031,63.411,63.764,64.09,64.389,64.664,64.917,65.153,65.373,65.582,65.785,65.986,66.189,66.399,66.616,66.837,67.063,67.289,67.512,67.728,67.93,68.115,68.279,68.418,68.533,68.625,68.694,68.742,68.772,68.787,68.789,68.778,68.748,68.691,68.604,68.491,68.361,68.23,68.119,68.041,68.008,68.023,68.081,68.174,68.285,68.398,68.506,68.606,68.699,68.788,68.877,
Trinidad and Tobago,60.719,61.113,61.47,61.786,62.061,62.293,62.479,62.626,62.741,62.835,62.922,63.014,63.123,63.253,63.406,63.581,63.766,63.951,64.126,64.292,64.454,64.619,64.797,64.992,65.201,65.417,65.631,65.83,66.007,66.159,66.284,66.383,66.464,66.537,66.606,66.679,66.761,66.855,66.962,67.086,67.226,67.381,67.548,67.722,67.905,68.096,68.299,68.515,68.742,68.977,69.217,69.454,69.686,69.906,70.112,70.299,70.466,70.616,70.751,
Tunisia,41.06,41.686,42.369,43.112,43.918,44.791,45.733,46.741,47.804,48.91,50.052,51.219,52.4,53.58,54.743,55.876,56.972,58.026,59.032,59.983,60.865,61.667,62.39,63.041,63.631,64.175,64.694,65.206,65.724,66.253,66.791,67.328,67.848,68.338,68.792,69.209,69.59,69.94,70.265,70.568,70.846,71.099,71.326,71.53,71.716,71.892,72.067,72.246,72.433,72.632,72.842,73.059,73.277,73.491,73.7,73.903,74.102,74.297,74.493,
Turkey,42.481,43.244,44.025,44.815,45.599,46.361,47.085,47.768,48.409,49.009,49.578,50.129,50.68,51.241,51.82,52.414,53.02,53.626,54.225,54.815,55.395,55.971,56.545,57.119,57.691,58.252,58.793,59.308,59.796,60.263,60.716,61.167,61.629,62.114,62.628,63.179,63.775,64.407,65.063,65.731,66.39,67.015,67.592,68.113,68.579,69.004,69.41,69.822,70.255,70.716,71.199,71.694,72.181,72.644,73.075,73.47,73.826,74.149,74.447,
Turkmenistan,50.966,51.379,51.795,52.214,52.632,53.045,53.448,53.837,54.206,54.552,54.871,55.158,55.416,55.652,55.87,56.083,56.302,56.537,56.792,57.067,57.363,57.679,58.001,58.314,58.606,58.855,59.038,59.15,59.191,59.169,59.1,59.005,58.913,58.847,58.823,58.85,58.93,59.052,59.209,59.399,59.624,59.888,60.188,60.52,60.878,61.255,61.647,62.044,62.436,62.813,63.161,63.469,63.734,63.956,64.137,64.282,64.4,64.504,64.603,
Turks and Caicos Islands,,,,,,,,,,,,,,,,,,,,,,,,,,,,,,,,,,,,,,,,,,,,,,,,,,,,,,,,,,,,
Tuvalu,,,,,,,,,,,,,,,,,,,,,,,,,,,,,,,,,,,,,,,,,,,,,,,,,,,,,,,,,,,,
Uganda,42.907,43.504,44.11,44.719,45.32,45.894,46.422,46.892,47.293,47.62,47.875,48.061,48.196,48.293,48.362,48.418,48.478,48.54,48.596,48.632,48.617,48.515,48.3,47.959,47.491,46.895,46.178,45.377,44.54,43.706,42.915,42.194,41.57,41.071,40.734,40.6,40.706,41.047,41.609,42.375,43.323,44.424,45.63,46.893,48.175,49.447,50.697,51.926,53.125,54.274,55.349,56.334,57.224,58.018,58.716,59.318,59.83,60.27,60.655,
Ukraine,65.641,66.078,66.41,66.646,66.797,66.871,66.878,66.826,66.726,66.59,66.424,66.228,66.005,65.76,65.503,65.24,64.973,64.711,64.467,64.26,64.131,64.124,64.251,64.497,64.831,65.186,65.481,66.3,66.4,66.1,65.6,64.62,63.81,63.16,62.39,61.22,61.52,62.23,63.17,62.62,62.1,62.32,62.7,62.64,62.6,62.23,62.38,62.51,62.51,63.79,65.28,65.98,66.11,66.34,66.25,66.37,66.73,67.02,66.69,
United Arab Emirates,49.249,50.363,51.462,52.541,53.597,54.631,55.648,56.656,57.654,58.639,59.606,60.546,61.452,62.315,63.132,63.899,64.617,65.289,65.921,66.515,67.071,67.589,68.072,68.522,68.943,69.337,69.707,70.055,70.384,70.698,70.999,71.289,71.567,71.834,72.093,72.345,72.59,72.829,73.062,73.291,73.516,73.738,73.957,74.174,74.388,74.601,74.811,75.018,75.223,75.424,75.624,75.823,76.022,76.219,76.414,76.605,76.79,76.966,77.133,
United Kingdom,68.2,68,68,67.9,68.6,68.6,68.5,69.1,68.7,68.6,68.9,69.2,69.1,69.3,69.5,69.7,69.8,70.2,70.2,70.3,70.7,71.1,71.3,71.5,71.9,71.8,72.1,72.5,72.6,72.9,73.1,73.4,73.8,73.8,74.3,74.3,74.6,74.65,74.8,75,75.4,75.7,75.9,76.3,76.6,77,77.2,77.4,77.6,78.1,78.5,79,79.1,79.2,79.5,79.2,79.4,79.5,79.6,
United States,66.6,67.1,66.9,66.6,66.8,66.8,66.7,67,66,66.8,67.1,67.4,67.4,67.6,68.2,68.8,69.1,69.5,69.6,70,70,70.4,70.8,71,71.1,71.1,71.2,71.4,71.4,71.7,71.8,72,72.3,72.2,72.4,72.5,73.1,73.6,73.8,73.9,74.1,74.3,74.4,74.5,75,75,75.2,75.5,75.6,76,76.2,76.3,76.4,76.4,76.5,76.3,76.1,76.1,76.1,
Uruguay,64.852,65.064,65.242,65.378,65.469,65.519,65.533,65.526,65.515,65.51,65.518,65.545,65.592,65.66,65.752,65.876,66.034,66.224,66.443,66.683,66.938,67.198,67.456,67.703,67.934,68.142,68.322,68.48,68.621,68.752,68.882,69.023,69.184,69.368,69.577,69.807,70.049,70.292,70.528,70.753,70.97,71.181,71.394,71.611,71.831,72.049,72.258,72.453,72.63,72.788,72.929,73.054,73.172,73.287,73.405,73.529,73.662,73.805,73.958,
Uzbekistan,55.116,55.486,55.861,56.24,56.621,56.999,57.371,57.731,58.076,58.403,58.706,58.98,59.227,59.453,59.662,59.866,60.073,60.294,60.535,60.799,61.094,61.426,61.785,62.158,62.528,62.865,63.139,63.332,63.438,63.462,63.421,63.341,63.259,63.204,63.192,63.232,63.322,63.447,63.595,63.765,63.956,64.17,64.408,64.669,64.951,65.252,65.57,65.902,66.243,66.59,66.943,67.301,67.665,68.028,68.382,68.712,69.004,69.25,69.445,
Vanuatu,48.091,48.611,49.131,49.65,50.17,50.694,51.225,51.765,52.315,52.872,53.434,53.994,54.549,55.096,55.634,56.167,56.7,57.238,57.783,58.336,58.896,59.46,60.022,60.577,61.117,61.637,62.132,62.599,63.036,63.44,63.81,64.144,64.446,64.719,64.968,65.198,65.416,65.624,65.826,66.024,66.217,66.403,66.577,66.737,66.885,67.02,67.146,67.267,67.386,67.507,67.634,67.769,67.913,68.064,68.222,68.383,68.544,68.699,68.847,
"Venezuela, RB",58.226,58.734,59.219,59.678,60.112,60.53,60.941,61.353,61.77,62.192,62.615,63.03,63.425,63.796,64.137,64.449,64.735,65.001,65.254,65.496,65.731,65.963,66.191,66.414,66.631,66.842,67.044,67.234,67.409,67.567,67.705,67.819,67.91,67.982,68.039,68.091,68.149,68.219,68.306,68.411,68.531,68.66,68.789,68.907,69.013,69.104,69.186,69.26,69.326,69.379,69.405,69.388,69.321,69.205,69.05,68.871,68.687,68.523,68.398,
Vietnam,55.628,56.212,56.772,57.284,57.713,57.948,57.863,57.424,56.675,55.713,54.759,54.084,53.886,54.27,55.231,56.651,58.317,59.955,61.35,62.413,63.12,63.529,63.789,64.022,64.269,64.55,64.862,65.173,65.463,65.732,65.986,66.231,66.474,66.719,66.968,67.218,67.464,67.7,67.925,68.142,68.359,68.592,68.847,69.126,69.422,69.722,70.005,70.255,70.46,70.616,70.725,70.796,70.845,70.887,70.931,70.984,71.049,71.124,71.207,
Virgin Islands (U.S.),64.699,64.967,65.225,65.485,65.755,66.041,66.34,66.646,66.952,67.257,67.559,67.857,68.151,68.439,68.721,68.993,69.252,69.497,69.729,69.95,70.165,70.379,70.596,70.82,71.051,71.289,71.529,71.768,72.001,72.228,72.45,72.67,72.889,73.109,73.329,73.547,73.76,73.964,74.156,74.336,73.4,74.6,74.5,74.5,74.8,74.3,75.5,73.3,73.8,74.2,74.6,75.1,75.4,75.6,75.7,75.9,76,76.2,76.3,
West Bank and Gaza,,,,,,,,,,,,,,,,,,,,,,,,,,,,,,,66.638,67.017,67.373,67.706,68.02,68.315,68.591,68.848,69.086,69.31,69.519,69.718,69.907,70.089,70.263,70.429,70.585,70.728,70.86,70.983,71.102,71.223,71.35,71.485,71.631,71.785,71.945,72.106,72.263,
"Yemen, Rep.",28.838,29.081,29.411,29.845,30.388,31.044,31.81,32.667,33.594,34.577,35.601,36.655,37.73,38.822,39.925,41.043,42.188,43.367,44.578,45.808,47.039,48.252,49.426,50.538,51.572,52.509,53.338,54.066,54.701,55.251,55.718,56.11,56.441,56.732,57.003,57.279,57.582,57.921,58.302,58.731,59.21,59.736,60.291,60.855,61.412,61.947,62.447,62.902,63.306,63.652,63.93,64.134,64.274,64.361,64.404,64.419,64.417,64.413,64.418,
Zambia,45.306,45.706,46.07,46.397,46.693,46.974,47.263,47.577,47.925,48.307,48.714,49.129,49.53,49.897,50.221,50.499,50.733,50.933,51.106,51.25,51.374,51.494,51.603,51.681,51.699,51.598,51.307,50.793,50.053,49.108,47.996,46.768,45.513,44.321,43.264,42.412,41.814,41.47,41.375,41.53,41.927,42.542,43.331,44.249,45.271,46.395,47.637,48.998,50.458,51.972,53.478,54.911,56.22,57.368,58.333,59.105,59.697,60.158,60.533,
Zimbabwe,51.404,51.864,52.323,52.777,53.219,53.639,54.03,54.386,54.706,54.991,55.24,55.454,55.645,55.824,56.003,56.21,56.472,56.797,57.177,57.592,58.022,58.44,58.802,59.062,59.177,59.093,58.765,58.188,57.375,56.344,55.115,53.717,52.21,50.663,49.136,47.688,46.36,45.169,44.135,43.283,42.609,42.086,41.695,41.442,41.366,41.573,42.193,43.276,44.81,46.724,48.884,51.117,53.24,55.106,56.632,57.778,58.565,59.105,59.501,
